-- MySQL dump 10.13  Distrib 8.0.13, for Win64 (x86_64)
--
-- Host: localhost    Database: carsystem
-- ------------------------------------------------------
-- Server version	5.7.9

/*!40101 SET @OLD_CHARACTER_SET_CLIENT=@@CHARACTER_SET_CLIENT */;
/*!40101 SET @OLD_CHARACTER_SET_RESULTS=@@CHARACTER_SET_RESULTS */;
/*!40101 SET @OLD_COLLATION_CONNECTION=@@COLLATION_CONNECTION */;
 SET NAMES utf8 ;
/*!40103 SET @OLD_TIME_ZONE=@@TIME_ZONE */;
/*!40103 SET TIME_ZONE='+00:00' */;
/*!40014 SET @OLD_UNIQUE_CHECKS=@@UNIQUE_CHECKS, UNIQUE_CHECKS=0 */;
/*!40014 SET @OLD_FOREIGN_KEY_CHECKS=@@FOREIGN_KEY_CHECKS, FOREIGN_KEY_CHECKS=0 */;
/*!40101 SET @OLD_SQL_MODE=@@SQL_MODE, SQL_MODE='NO_AUTO_VALUE_ON_ZERO' */;
/*!40111 SET @OLD_SQL_NOTES=@@SQL_NOTES, SQL_NOTES=0 */;

--
-- Table structure for table `car`
--

DROP TABLE IF EXISTS `car`;
/*!40101 SET @saved_cs_client     = @@character_set_client */;
 SET character_set_client = utf8mb4 ;
CREATE TABLE `car` (
  `id` int(11) NOT NULL AUTO_INCREMENT,
  `mainId` int(11) DEFAULT NULL,
  `shipperId` int(11) DEFAULT NULL,
  `vendorId` int(11) DEFAULT NULL,
  `customerId` int(11) DEFAULT NULL,
  `uuid` varchar(255) CHARACTER SET utf8mb4 DEFAULT NULL,
  `description` varchar(255) CHARACTER SET utf8mb4 DEFAULT NULL,
  `year` varchar(255) CHARACTER SET utf8mb4 DEFAULT NULL,
  `container` varchar(255) CHARACTER SET utf8mb4 DEFAULT NULL,
  `seal` varchar(255) CHARACTER SET utf8mb4 DEFAULT NULL,
  `inlandStatus` varchar(255) CHARACTER SET utf8mb4 DEFAULT NULL,
  `cargoRecieved` datetime DEFAULT NULL,
  `titleRecieved` int(11) DEFAULT NULL,
  `dvl` datetime DEFAULT NULL,
  `stRecieved` datetime DEFAULT NULL,
  `origin` int(11) DEFAULT NULL,
  `destination` int(11) DEFAULT NULL,
  `etd` datetime DEFAULT NULL,
  `eta` datetime DEFAULT NULL,
  `loadrequest` int(11) DEFAULT NULL,
  `releaseOption` int(11) DEFAULT NULL,
  `consigneeId` int(11) DEFAULT NULL,
  `state` int(11) DEFAULT NULL,
  `landcost` int(11) DEFAULT NULL,
  `seacost` int(11) DEFAULT NULL,
  `fees` int(11) DEFAULT NULL,
  `commision` int(11) DEFAULT NULL,
  `lastUpdate` datetime DEFAULT NULL,
  `storageStartDate` datetime DEFAULT NULL,
  `storageEndDate` datetime DEFAULT NULL,
  `note` varchar(255) CHARACTER SET utf8mb4 DEFAULT NULL,
  `make` varchar(255) CHARACTER SET utf8mb4 DEFAULT NULL,
  `model` varchar(255) CHARACTER SET utf8mb4 DEFAULT NULL,
  `bodyStyle` varchar(255) CHARACTER SET utf8mb4 DEFAULT NULL,
  `engineType` varchar(255) CHARACTER SET utf8mb4 DEFAULT NULL,
  `engineLiters` varchar(255) CHARACTER SET utf8mb4 DEFAULT NULL,
  `color` varchar(255) CHARACTER SET utf8mb4 DEFAULT NULL,
  `assemlyCountry` varchar(255) CHARACTER SET utf8mb4 DEFAULT NULL,
  `photoExist` int(11) DEFAULT NULL,
  `docExist` int(11) DEFAULT NULL,
  `type` int(11) DEFAULT NULL,
  `containerLink` varchar(255) NOT NULL,
  `allowSendEmail` int(11) NOT NULL,
  `emailToSendComment` text NOT NULL,
  `commentToSend` text NOT NULL,
  `mainTwoId` int(11) DEFAULT NULL,
  `deleted` int(1) DEFAULT '0',
  `weight` varchar(45) DEFAULT '0',
  `valueOfGood` varchar(45) DEFAULT '0',
  PRIMARY KEY (`id`),
  KEY `mainIdkey_idx` (`mainId`),
  KEY `shipperIdKey_idx` (`shipperId`),
  KEY `vendorIdKey_idx` (`vendorId`),
  KEY `customerIdKey_idx` (`customerId`),
  KEY `consigneeIdKey_idx` (`consigneeId`),
  KEY `mainTwoIdKey_idx` (`mainTwoId`),
  CONSTRAINT `consigneeIdKey` FOREIGN KEY (`consigneeId`) REFERENCES `consignee` (`id`) ON DELETE NO ACTION ON UPDATE NO ACTION,
  CONSTRAINT `customerIdKey` FOREIGN KEY (`customerId`) REFERENCES `customer` (`id`) ON DELETE NO ACTION ON UPDATE NO ACTION,
  CONSTRAINT `mainIdkey` FOREIGN KEY (`mainId`) REFERENCES `user` (`id`) ON DELETE NO ACTION ON UPDATE NO ACTION,
  CONSTRAINT `mainTwoIdKey` FOREIGN KEY (`mainTwoId`) REFERENCES `maintwo` (`id`) ON DELETE NO ACTION ON UPDATE NO ACTION,
  CONSTRAINT `shipperIdKey` FOREIGN KEY (`shipperId`) REFERENCES `shipper` (`id`) ON DELETE NO ACTION ON UPDATE NO ACTION,
  CONSTRAINT `vendorIdKey` FOREIGN KEY (`vendorId`) REFERENCES `vendor` (`id`) ON DELETE NO ACTION ON UPDATE NO ACTION
) ENGINE=InnoDB AUTO_INCREMENT=561 DEFAULT CHARSET=latin1;
/*!40101 SET character_set_client = @saved_cs_client */;

--
-- Dumping data for table `car`
--

LOCK TABLES `car` WRITE;
/*!40000 ALTER TABLE `car` DISABLE KEYS */;
INSERT INTO `car` VALUES (475,48,27,NULL,NULL,'5TFRT54158X018656','','2008','HLBU1294814','','ok ','2019-08-20 15:50:05',3,NULL,NULL,381,3706,'2019-09-21 12:45:08','2019-11-04 12:45:19',1,1,NULL,6,0,0,0,0,'2019-09-23 20:38:45','2019-08-21 16:19:20',NULL,'','TOYOTA','Tundra','4x2','V-Shaped- 8 Cylinders','4.7','','UNITED STATES (USA)',1,1,0,'https://www.hapag-lloyd.com/en/online-business/tracing/tracing-by-booking.html?view=S8510&container=HLBU++1294814',1,'abesauto640@gmail.com;','car received with title and key ',NULL,0,'0','0'),(477,48,26,NULL,NULL,'KM8NU13C39U083009','','2009','HLXU-849570-0','609742','LOADED','2019-08-22 14:59:05',3,NULL,NULL,381,1,'2019-09-07 09:28:09','2019-10-19 16:34:07',1,1,NULL,8,0,0,0,212,'2019-09-20 16:33:10','2019-08-22 14:53:50',NULL,'','HYUNDAI','Veracruz','FWD/Front Wheel Drive','-  Cylinders','3.8','','SOUTH KOREA',1,1,0,'https://www.hapag-lloyd.com/en/online-business/tracing/tracing-by-booking.html?view=S8510&container=HLXU++8495700',0,'','vehicle received with title and key ',NULL,0,'0','0'),(478,48,26,NULL,NULL,'KMHDN56D64U112094','','2004','','','','2019-08-21 14:57:46',3,NULL,NULL,381,1,NULL,NULL,0,0,NULL,0,NULL,NULL,NULL,NULL,'2019-08-27 23:55:24',NULL,NULL,'','HYUNDAI','Elantra','','-  Cylinders','2.0','','SOUTH KOREA',1,1,0,'',1,'','vehicle received with title and key ',NULL,0,'0','0'),(479,48,26,NULL,NULL,'WDDGF5EB1AR093974','','2010','HLXU-849570-0','609742','LOADED','2019-08-21 15:04:10',3,NULL,NULL,381,1,'2019-09-07 09:26:02','2019-10-19 16:36:18',1,1,NULL,8,0,0,0,212,'2019-09-20 16:32:11',NULL,NULL,'','MERCEDES-BENZ','C-Class','','V-Shaped- 6 Cylinders','3.0','','SOUTH AFRICA',1,1,0,'https://www.hapag-lloyd.com/en/online-business/tracing/tracing-by-booking.html?view=S8510&container=HLXU++8495700',0,'','received with title and key ',NULL,0,'0','0'),(480,48,26,NULL,NULL,'1FTFW1ET1DFB79959','','2013','','','','2019-08-20 15:07:40',3,NULL,NULL,381,1,NULL,NULL,0,0,NULL,0,NULL,NULL,NULL,NULL,'2019-08-28 00:23:20',NULL,NULL,'','FORD','F-150','4WD/4-Wheel Drive/4x4','V-Shaped- 6 Cylinders','3.5','','UNITED STATES (USA)',1,1,0,'',0,'','',NULL,0,'0','0'),(481,48,26,NULL,NULL,'KNAFE121785551349','','2008','HLXU-849570-0','609742','LOADED','2019-08-20 15:09:46',3,NULL,NULL,381,1,'2019-09-07 09:29:29','2019-10-19 16:39:08',1,1,NULL,8,0,213,0,0,'2019-09-20 16:20:52',NULL,NULL,'','KIA','Spectra','','In-Line- 4 Cylinders','2','','SOUTH KOREA',1,1,0,'https://www.hapag-lloyd.com/en/online-business/tracing/tracing-by-booking.html?view=S8510&container=HLXU++8495700',0,'','',NULL,0,'0','0'),(482,48,26,NULL,NULL,'KNDJF724177301793','','2007','HLXU-849570-0','','LOADED','2019-08-20 15:11:23',3,NULL,NULL,381,1,'2019-09-07 09:27:27','2019-10-19 16:40:17',1,1,NULL,8,0,213,0,0,'2019-09-20 16:21:23',NULL,NULL,'','KIA','Sportage','4x2','-  Cylinders','2','','SOUTH KOREA',1,1,0,'https://www.hapag-lloyd.com/en/online-business/tracing/tracing-by-booking.html?view=S8510&container=HLXU++8495700',0,'','',NULL,0,'0','0'),(483,48,26,NULL,NULL,'1J4GW48S01C501460','','2001','RELEASED 8/26/2019','','','2019-08-20 15:12:53',3,NULL,NULL,381,1,NULL,NULL,0,1,NULL,8,0,0,75,0,'2019-09-20 16:17:49',NULL,NULL,'','JEEP','Grand Cherokee','4WD/4-Wheel Drive/4x4','V-Shaped- 6 Cylinders','4','','UNITED STATES (USA)',1,1,0,'',0,'','RELEASED WITH TITLE AND KEY 08/26/2019',NULL,0,'0','0'),(484,48,26,NULL,NULL,'5NMSH13E67H072720','','2007','','','','2019-08-19 15:14:30',3,NULL,NULL,381,1,NULL,NULL,0,0,NULL,0,NULL,NULL,NULL,NULL,'2019-08-28 01:41:29',NULL,NULL,'','HYUNDAI','Santa Fe','FWD/Front Wheel Drive','-  Cylinders','3.3','','UNITED STATES (USA)',1,1,0,'',0,'','',NULL,0,'0','0'),(485,48,26,NULL,NULL,'5TBRT3417YS051886','','2000','TCLU9760785','','LODED','2019-08-19 15:15:55',3,NULL,NULL,381,1,NULL,NULL,1,1,NULL,8,0,234,0,0,'2019-09-20 16:20:19',NULL,NULL,'','TOYOTA','Tundra','4x2','V-Shaped- 8 Cylinders','4.7','','UNITED STATES (USA)',1,1,0,'',0,'','',NULL,0,'0','0'),(486,48,26,NULL,NULL,'5TBET38196S507781','','2006','TCLU9760785','','LOADED','2019-08-16 15:22:40',3,NULL,NULL,381,1,NULL,NULL,1,1,NULL,8,0,282,0,0,'2019-09-20 16:19:37',NULL,NULL,'','TOYOTA','Tundra','4x2','V-Shaped- 8 Cylinders','4.7','','UNITED STATES (USA)',1,1,0,'',0,'','',NULL,0,'0','0'),(487,48,26,NULL,NULL,'KM8JN12D67U581403','','2007','RELEASED 8/26/2019','','','2019-08-16 15:24:44',3,NULL,NULL,381,1,NULL,NULL,0,1,NULL,8,0,0,75,0,'2019-09-20 16:18:28',NULL,NULL,'','HYUNDAI','Tucson','FWD/Front Wheel Drive','-  Cylinders','2.7','','SOUTH KOREA',1,1,0,'',0,'','RELEASED WITH TITLE AND KEY 08/26/2019',NULL,0,'0','0'),(488,48,26,NULL,NULL,'1C4RJEBT0CC362650','','2012','','','','2019-08-16 15:26:56',0,NULL,NULL,381,1,NULL,NULL,0,0,NULL,0,NULL,NULL,NULL,NULL,'2019-08-28 02:01:48',NULL,NULL,'','JEEP','Grand Cherokee','4x2','- 8 Cylinders','5.7','','',1,0,0,'',0,'','',NULL,0,'0','0'),(489,48,26,NULL,NULL,'5TBRT34194S445500','','2004','','','','2019-08-16 15:28:11',3,NULL,NULL,381,1,NULL,NULL,0,0,NULL,0,NULL,NULL,NULL,NULL,'2019-08-28 02:10:00',NULL,NULL,'','TOYOTA','Tundra','4x2','V-Shaped- 8 Cylinders','4.7','','UNITED STATES (USA)',1,1,0,'',0,'','',NULL,0,'0','0'),(490,48,26,NULL,NULL,'5TBET34136S547764','','2006','','','','2019-08-16 15:29:36',3,NULL,NULL,381,1,NULL,NULL,0,0,NULL,0,NULL,NULL,NULL,NULL,'2019-08-28 02:27:14',NULL,NULL,'','TOYOTA','Tundra','4x2','V-Shaped- 8 Cylinders','4.7','','UNITED STATES (USA)',1,1,0,'',0,'','',NULL,0,'0','0'),(491,48,26,NULL,NULL,'KM8NU13CX7U005713','','2007','TCLU9760785','','LOADED','2019-08-15 15:30:44',3,NULL,NULL,381,1,NULL,NULL,1,1,NULL,8,0,284,0,0,'2019-09-20 16:19:17',NULL,NULL,'','HYUNDAI','Veracruz','FWD/Front Wheel Drive','-  Cylinders','3.8','','SOUTH KOREA',1,1,0,'',0,'','',NULL,0,'0','0'),(492,48,26,NULL,NULL,'KNAFK4A67G5485018','','2016','','','','2019-08-15 15:32:04',3,NULL,NULL,381,1,NULL,NULL,0,0,NULL,0,NULL,NULL,NULL,NULL,'2019-08-28 02:42:43',NULL,NULL,'','KIA','Forte','','In-Line- 4 Cylinders','1.8','','SOUTH KOREA',1,1,0,'',0,'','',NULL,0,'0','0'),(493,48,26,NULL,NULL,'KMHDN46D36U256294','','2006','','','','2019-08-15 15:33:14',3,NULL,NULL,381,1,NULL,NULL,0,0,NULL,0,NULL,NULL,NULL,NULL,'2019-08-29 15:13:20',NULL,NULL,'','HYUNDAI','Elantra','','-  Cylinders','2','','SOUTH KOREA',1,1,0,'',0,'','',NULL,0,'0','0'),(494,48,27,NULL,NULL,'5xyzg3ab7bg068247','','2011','UACU5645951','','','2019-08-21 16:05:10',3,NULL,NULL,381,1,NULL,'2019-11-04 11:55:57',0,1,NULL,6,NULL,NULL,NULL,NULL,'2019-09-12 17:10:05',NULL,NULL,'','HYUNDAI','Santa Fe','4x2','-  Cylinders','2.4','','UNITED STATES (USA)',1,1,0,'https://www.hapag-lloyd.com/en/online-business/tracing/tracing-by-booking.html?view=S8510&container=UACU++5645951',0,'','',NULL,0,'0','0'),(495,48,27,NULL,NULL,'5NMSG13DX9H297431','','2009','HLBU1294814','','LOADED','2019-08-23 18:09:00',3,NULL,NULL,381,3706,'2019-09-21 12:48:09','2019-11-04 12:48:15',1,1,NULL,6,0,NULL,0,0,'2019-09-23 20:38:07',NULL,NULL,'','HYUNDAI','Santa Fe','FWD/Front Wheel Drive','-  Cylinders','2.7','','UNITED STATES (USA)',1,1,0,'https://www.hapag-lloyd.com/en/online-business/tracing/tracing-by-booking.html?view=S8510&container=HLBU++1294814',0,'','',NULL,0,'0','0'),(496,48,30,NULL,NULL,'1D7HA18DX5S113095','','2005','','','','2019-08-22 11:14:45',3,NULL,NULL,381,1,NULL,NULL,0,0,NULL,0,NULL,NULL,NULL,NULL,'2019-08-24 16:16:17',NULL,NULL,'','DODGE','Ram','4x2','V-Shaped- 8 Cylinders','5.7','','UNITED STATES (USA)',0,0,0,'',0,'','',NULL,0,'0','0'),(497,48,30,NULL,NULL,'WDCGG5GB7AF514015','','2010','','','','2019-08-21 11:17:48',3,NULL,NULL,381,1,NULL,NULL,0,0,NULL,0,NULL,NULL,NULL,NULL,'2019-08-24 16:18:09',NULL,NULL,'','MERCEDES-BENZ','GLK-Class','','V-Shaped- 6 Cylinders','3.5','','GERMANY',0,0,0,'',0,'','',NULL,0,'0','0'),(498,48,29,NULL,NULL,'KMHDU46D79U712515','','2009','','','','2019-08-23 11:25:31',3,NULL,NULL,381,1,NULL,NULL,0,0,NULL,0,NULL,NULL,NULL,NULL,'2019-08-24 16:25:50',NULL,NULL,'','HYUNDAI','Elantra','','-  Cylinders','2.0','','SOUTH KOREA',0,0,0,'',0,'','',NULL,0,'0','0'),(499,48,29,NULL,NULL,'2T3DK4DV8BW060955','','2011','','','','2019-08-22 11:26:40',3,NULL,NULL,381,1,NULL,NULL,0,0,NULL,0,NULL,NULL,NULL,NULL,'2019-08-24 16:26:57',NULL,NULL,'','TOYOTA','RAV4','4WD/4-Wheel Drive/4x4','V-Shaped- 6 Cylinders','3.5','','CANADA',0,0,0,'',0,'','',NULL,0,'0','0'),(500,48,29,NULL,NULL,'5TBDT44195S476263','','2005','','','','2019-08-21 11:27:42',3,NULL,NULL,381,1,NULL,NULL,0,0,NULL,0,NULL,NULL,NULL,NULL,'2019-08-24 16:27:56',NULL,NULL,'','TOYOTA','Tundra','4WD/4-Wheel Drive/4x4','V-Shaped- 8 Cylinders','4.7','','UNITED STATES (USA)',0,0,0,'',0,'','',NULL,0,'0','0'),(501,48,27,NULL,NULL,'JT3HN86R120379851','','2002','HLXU8615765','609791','LOADED','2019-08-19 11:33:53',3,NULL,NULL,381,3706,'2019-09-07 15:47:10','2019-10-16 15:47:16',0,1,NULL,6,NULL,NULL,NULL,NULL,'2019-08-29 20:47:25',NULL,NULL,'','TOYOTA','4-Runner','4WD/4-Wheel Drive/4x4','V-Shaped- 6 Cylinders','3.4','','JAPAN',0,0,0,'https://www.hapag-lloyd.com/en/online-business/tracing/tracing-by-booking.html?view=S8510&container=HLXU++8615765',0,'','',NULL,0,'0','0'),(502,48,27,NULL,NULL,'KNAFE161585015607','','2008','HLBU2410837','609775','LOADED','2019-08-17 11:35:06',3,NULL,NULL,381,3706,'2019-09-21 12:19:47','2019-11-04 12:19:57',1,1,NULL,6,0,0,0,0,'2019-09-23 20:39:22',NULL,NULL,'','KIA','Spectra','','In-Line- 4 Cylinders','2','','SOUTH KOREA',1,1,0,'https://www.hapag-lloyd.com/en/online-business/tracing/tracing-by-container.html?container=HLBU++2410837',0,'','',NULL,0,'0','0'),(503,48,27,NULL,NULL,'5NMSG13D37H090084','','2007','HLXU6548164','609796','68017422','2019-08-15 11:36:26',3,NULL,NULL,381,3706,'2019-08-31 14:37:09','2019-10-09 14:37:17',1,1,NULL,6,0,0,0,0,'2019-08-31 20:02:59',NULL,NULL,'','HYUNDAI','Santa Fe','FWD/Front Wheel Drive','-  Cylinders','2.7','','UNITED STATES (USA)',0,0,0,'https://www.hapag-lloyd.com/en/online-business/tracing/tracing-by-booking.html?booking=68017422',0,'','',NULL,0,'0','0'),(504,48,27,NULL,NULL,'KNAGM4A72D5376307','','2013','HLXU6548164','609796','LOADED','2019-08-13 11:38:38',3,NULL,NULL,381,3706,'2019-08-31 14:42:14','2019-10-09 14:42:22',0,1,NULL,6,0,0,0,0,'2019-08-29 22:08:13',NULL,NULL,'','KIA','Optima','','-  Cylinders','2.4','','SOUTH KOREA',0,0,0,'https://www.hapag-lloyd.com/en/online-business/tracing/tracing-by-booking.html?booking=68017422',0,'','',27,0,'0','0'),(505,48,27,NULL,NULL,'5TFUW5F17FX458423','','2015','HLXU8615765','609791','LOADED','2019-08-13 11:39:58',3,NULL,NULL,381,3706,'2019-09-07 15:41:12','2019-10-16 15:41:18',0,1,NULL,6,NULL,NULL,NULL,NULL,'2019-08-29 20:44:56',NULL,NULL,'','TOYOTA','Tundra','4WD/4-Wheel Drive/4x4','V-Shaped- 8 Cylinders','5.7','','UNITED STATES (USA)',0,0,0,'https://www.hapag-lloyd.com/en/online-business/tracing/tracing-by-booking.html?view=S8510&container=HLXU++8615765',0,'','',NULL,0,'0','0'),(506,48,29,NULL,NULL,'4T1BE46K67U029978','','2007','','','','2019-08-12 11:52:29',0,NULL,NULL,381,1,NULL,NULL,0,0,NULL,0,NULL,NULL,NULL,NULL,'2019-08-30 21:52:10',NULL,NULL,'','TOYOTA','Camry','4x2','In-Line- 4 Cylinders','2.4','','UNITED STATES (USA)',0,0,0,'',0,'','',27,0,'0','0'),(507,48,29,NULL,NULL,'5XYKT3A61CG253976','BILL OF SALE ','2012','','','','2019-08-09 11:54:37',6,NULL,NULL,381,1,NULL,NULL,0,0,NULL,0,NULL,NULL,NULL,NULL,'2019-09-03 20:49:08',NULL,NULL,'','KIA','Sorento','4x2','-  Cylinders','2.4','','UNITED STATES (USA)',0,0,0,'',0,'','',NULL,0,'0','0'),(508,48,29,NULL,NULL,'1N6DD21SXWC365047','','1998','','','','2019-08-02 12:00:42',0,NULL,NULL,381,1,NULL,NULL,0,0,NULL,0,NULL,NULL,NULL,NULL,'2019-08-24 17:01:01',NULL,NULL,'','NISSAN','Frontier','4x2','-  Cylinders','2.4','','UNITED STATES (USA)',0,0,0,'',0,'','',NULL,0,'0','0'),(509,48,29,NULL,NULL,'5TBRT38192S306698','','2002','','','','2019-08-01 12:02:09',3,NULL,NULL,381,1,NULL,NULL,0,0,NULL,0,NULL,NULL,NULL,NULL,'2019-08-24 17:02:25',NULL,NULL,'','TOYOTA','Tundra','4x2','V-Shaped- 8 Cylinders','4.7','','UNITED STATES (USA)',0,0,0,'',0,'','',NULL,0,'0','0'),(510,48,29,NULL,NULL,'WVGAV75N49W523949','','2009','','','','2019-08-01 12:03:14',0,NULL,NULL,381,1,NULL,NULL,0,0,NULL,0,NULL,NULL,NULL,NULL,'2019-08-24 17:03:23',NULL,NULL,'','VOLKSWAGEN','Tiguan','','- 4 Cylinders','1.984000','','GERMANY',0,0,0,'',0,'','',NULL,0,'0','0'),(511,48,29,NULL,NULL,'KNDPB3A23D7353856','','2013','','','','2019-07-24 12:04:27',0,NULL,NULL,381,1,NULL,NULL,0,0,NULL,0,NULL,NULL,NULL,NULL,'2019-08-24 17:04:36',NULL,NULL,'','KIA','Sportage','4x2','-  Cylinders','2.4','','SOUTH KOREA',0,0,0,'',0,'','',NULL,0,'0','0'),(512,48,29,NULL,NULL,'KM8JN72D26U287983','','2006','','','','2019-07-24 12:05:51',0,NULL,NULL,381,1,NULL,NULL,0,0,NULL,0,NULL,NULL,NULL,NULL,'2019-08-24 17:09:00',NULL,NULL,'','HYUNDAI','Tucson','AWD/All Wheel Drive','-  Cylinders','2.7','','SOUTH KOREA',0,0,0,'',0,'','',NULL,0,'0','0'),(513,48,29,NULL,NULL,'KNDJF723567143478','','2006','','','','2019-07-22 12:13:09',0,NULL,NULL,381,1,NULL,NULL,0,0,NULL,0,NULL,NULL,NULL,NULL,'2019-08-24 17:13:24',NULL,NULL,'','KIA','Sportage','4x2','-  Cylinders','2.7','','SOUTH KOREA',0,0,0,'',0,'','',NULL,0,'0','0'),(514,48,29,NULL,NULL,'KNDKGCA34A7673025','','2010','','','','2019-07-22 12:14:33',3,NULL,NULL,381,1,NULL,NULL,0,0,NULL,0,NULL,NULL,NULL,NULL,'2019-08-24 17:15:00',NULL,NULL,'','KIA','Sportage','4WD/4-Wheel Drive/4x4','V-Shaped- 6 Cylinders','2.7','','SOUTH KOREA',0,0,0,'',0,'','',NULL,0,'0','0'),(515,48,30,NULL,NULL,'2B3LJ44VX9H526685','NO KEY','2009','','','','2019-07-10 12:17:09',3,NULL,NULL,381,1,NULL,NULL,0,0,NULL,0,NULL,NULL,NULL,NULL,'2019-08-24 17:17:34',NULL,NULL,'','DODGE','Challenger','RWD/ Rear Wheel Drive','- 6 Cylinders','3.5','','',0,0,0,'',0,'','',NULL,0,'0','0'),(516,48,27,NULL,NULL,'KMHFH4JG3EA377229','','2014','HLXU6548164','609796','LOADED','2019-07-19 14:33:35',3,NULL,NULL,381,3706,'2019-08-31 14:03:09','2019-10-09 14:03:29',0,1,NULL,6,0,0,0,0,'2019-08-29 22:08:39',NULL,NULL,'','HYUNDAI','Azera','','-  Cylinders','3.3','','SOUTH KOREA',0,0,0,'https://www.hapag-lloyd.com/en/online-business/tracing/tracing-by-booking.html?booking=68017422',0,'','',27,0,'0','0'),(517,48,27,NULL,NULL,'5TDZT38A45S242016','','2005','HLXU6548164','609796796','LOADED','2019-08-09 14:32:31',3,NULL,NULL,381,3706,'2019-08-31 14:27:28','2019-10-09 14:27:38',0,1,NULL,6,0,0,0,0,'2019-08-29 22:09:05',NULL,NULL,'','TOYOTA','Sequoia','4x2','V-Shaped- 8 Cylinders','4.7','','UNITED STATES (USA)',0,0,0,'https://www.hapag-lloyd.com/en/online-business/tracing/tracing-by-booking.html?booking=68017422',0,'','',27,0,'0','0'),(518,48,27,NULL,NULL,'KMHGC4DD9CU204508','','2012','UACU545951','','','2019-08-26 17:08:36',3,NULL,NULL,381,1,'2019-09-21 12:00:00','2019-11-04 12:00:24',0,1,NULL,6,NULL,NULL,NULL,NULL,'2019-09-12 17:01:01',NULL,NULL,'','HYUNDAI','Genesis','','-  Cylinders','3.8','','SOUTH KOREA',1,1,0,'https://www.hapag-lloyd.com/en/online-business/tracing/tracing-by-booking.html?view=S8510&container=UACU++5645951',0,'','vehicle received with key and title ',NULL,0,'0','0'),(519,48,27,NULL,NULL,'KMHDU4AD5AU954893','','2010','UACU5645951','','','2019-08-27 15:01:30',3,NULL,NULL,381,1,'2019-09-21 12:07:29','2019-11-04 12:07:36',0,1,NULL,6,0,0,0,0,'2019-09-12 17:07:50','2019-08-27 15:03:05',NULL,'','HYUNDAI','Elantra','','- 4 Cylinders','2.0','','SOUTH KOREA',1,1,0,'https://www.hapag-lloyd.com/en/online-business/tracing/tracing-by-booking.html?view=S8510&container=UACU++5645951',1,'','vehicle received with title and key ',27,0,'0','0'),(520,48,27,NULL,NULL,'KNDJF724797625060','','2009','UACU5645951','','','2019-08-27 15:35:47',3,NULL,NULL,381,1,'2019-09-21 12:04:16','2019-11-04 12:04:25',0,1,NULL,6,NULL,NULL,NULL,NULL,'2019-09-12 17:05:46',NULL,NULL,'','KIA','Sportage','4x2','-  Cylinders','2','RED','SOUTH KOREA',1,1,0,'https://www.hapag-lloyd.com/en/online-business/tracing/tracing-by-booking.html?view=S8510&container=UACU++5645951',0,'','',NULL,0,'0','0'),(521,48,29,NULL,NULL,'5NPDH4AEXGH668610','','2016','','','','2019-08-29 14:38:40',3,NULL,NULL,381,1,NULL,NULL,0,0,NULL,0,NULL,NULL,NULL,NULL,'2019-09-30 20:51:36',NULL,NULL,'','HYUNDAI','Elantra','','- 4 Cylinders','1.8','','UNITED STATES (USA)',0,0,0,'',0,'','',27,1,'0','0'),(522,48,27,NULL,NULL,'5TDZY68A88S002443','','2008','HLXU8615765','609791','LOADED',NULL,3,NULL,NULL,381,3706,'2019-09-07 15:36:46','2019-10-16 15:38:42',1,1,NULL,6,NULL,NULL,NULL,NULL,'2019-08-31 18:33:38',NULL,NULL,'','TOYOTA','Sequoia','4x2','V-Shaped- 8 Cylinders','5.7','','UNITED STATES (USA)',0,0,0,'https://www.hapag-lloyd.com/en/online-business/tracing/tracing-by-booking.html?view=S8510&container=HLXU++8615765',0,'','',NULL,0,'0','0'),(523,48,27,NULL,NULL,'KM8SN4HF9HU241775','','2017','UACU5468692','609793','LOADED',NULL,3,NULL,NULL,381,3706,'2019-08-31 16:10:26','2019-10-09 16:10:52',0,1,NULL,6,NULL,NULL,NULL,NULL,'2019-08-29 21:13:30',NULL,NULL,'','HYUNDAI','Santa Fe','4x2','V-Shaped- 6 Cylinders','3.3','','SOUTH KOREA',0,0,0,'https://www.hapag-lloyd.com/en/online-business/tracing/tracing-by-booking.html?view=S8510&container=UACU++5468692',0,'','',NULL,0,'0','0'),(524,48,27,NULL,NULL,'5TBT441X4S449482','','1995','UACU5468692','609793','LOADED',NULL,3,NULL,NULL,381,3706,'2019-08-31 16:20:33','2019-10-09 16:20:46',0,1,NULL,6,NULL,NULL,NULL,NULL,'2019-08-29 21:22:46',NULL,NULL,'','TOYOTA','TUNDRA ','','-  Cylinders','','','',0,0,0,'https://www.hapag-lloyd.com/en/online-business/tracing/tracing-by-booking.html?view=S8510&container=UACU++5468692',0,'','',NULL,0,'0','0'),(525,48,27,NULL,NULL,'5TBET34196S523856','','2006','UACU5468692','609793','LOADED',NULL,3,NULL,NULL,381,3706,'2019-08-31 16:25:47','2019-10-09 16:25:56',1,1,NULL,6,NULL,NULL,NULL,NULL,'2019-08-29 21:29:06',NULL,NULL,'','TOYOTA','Tundra','4x2','V-Shaped- 8 Cylinders','4.7','','UNITED STATES (USA)',0,0,0,'https://www.hapag-lloyd.com/en/online-business/tracing/tracing-by-booking.html?view=S8510&container=UACU++5468692',0,'','',NULL,0,'0','0'),(526,48,30,NULL,NULL,'WBA3A5C56CF259508','','2012','','','','2019-08-29 16:41:57',1,NULL,NULL,381,1,NULL,NULL,0,0,NULL,0,NULL,NULL,NULL,NULL,'2019-09-30 20:51:18',NULL,NULL,'','BMW','328i','','- 4 Cylinders','2.00','','GERMANY',0,0,0,'',0,'','',27,1,'0','0'),(527,48,27,NULL,NULL,'5N3AA08D38N912311','','2008','HLBU2410837','609775','LOADED','2019-08-30 11:13:08',3,NULL,NULL,381,3706,'2019-09-21 12:24:09','2019-11-04 12:24:16',1,1,NULL,6,0,0,0,0,'2019-09-23 20:37:28',NULL,NULL,'','INFINITI','QX56','4x2','-  Cylinders','5.6','','UNITED STATES (USA)',1,1,0,'https://www.hapag-lloyd.com/en/online-business/tracing/tracing-by-container.html?container=HLBU++2410837',0,'','',NULL,0,'0','0'),(528,48,27,NULL,NULL,'JS1GT78A3D2102957','','2013','UACU5645951','','','2019-08-30 11:20:27',3,NULL,NULL,381,1,'2019-09-21 11:58:30','2019-11-11 11:58:06',0,1,NULL,6,NULL,NULL,NULL,NULL,'2019-09-12 17:11:53',NULL,NULL,'','SUZUKI','GSX-R1000L/GSX-R1000ZL','','- 4 Cylinders','0.999000','','JAPAN',1,1,0,'https://www.hapag-lloyd.com/en/online-business/tracing/tracing-by-booking.html?view=S8510&container=UACU++5645951',0,'','',NULL,0,'0','0'),(529,48,27,NULL,NULL,'5N3AA08C76N800163','','2006','','','','2019-08-31 11:29:06',0,NULL,NULL,381,1,NULL,NULL,0,0,NULL,0,NULL,NULL,NULL,NULL,'2019-08-31 20:17:21',NULL,NULL,'','INFINITI','QX56','4WD/4-Wheel Drive/4x4','-  Cylinders','5.6','','UNITED STATES (USA)',1,0,0,'',0,'','',NULL,0,'0','0'),(530,48,27,NULL,NULL,'KNDJP3A50E7106362','','2014','HLBU2410837','609775','LOADED','2019-03-23 12:08:17',3,NULL,NULL,381,3706,'2019-09-21 12:26:35','2019-11-04 12:26:42',1,1,NULL,6,0,0,0,0,'2019-09-23 20:39:58',NULL,NULL,'','KIA','Soul','4x2','-  Cylinders','2.0','','SOUTH KOREA',1,1,0,'https://www.hapag-lloyd.com/en/online-business/tracing/tracing-by-container.html?container=HLBU++2410837',0,'','',NULL,0,'0','0'),(531,48,27,NULL,NULL,'5TBET38136S514225','','2006','HLBU1294814','','LOADED',NULL,3,NULL,NULL,381,3706,'2019-09-21 12:36:15','2019-11-04 12:36:23',0,1,NULL,6,0,0,0,0,'2019-09-23 20:40:33',NULL,NULL,'','TOYOTA','Tundra','4x2','V-Shaped- 8 Cylinders','4.7','','UNITED STATES (USA)',1,1,0,'https://www.hapag-lloyd.com/en/online-business/tracing/tracing-by-booking.html?view=S8510&container=HLBU++1294814',0,'','',NULL,0,'0','0'),(532,48,27,NULL,NULL,'5NPEU46F57H197449','','2007','HLBU2410837','609775','LOADED','2019-09-03 11:09:56',3,NULL,NULL,381,3706,'2019-09-21 12:23:15','2019-11-04 12:23:22',1,1,NULL,6,0,NULL,0,0,'2019-09-23 20:36:48',NULL,NULL,'','HYUNDAI','Sonata','','-  Cylinders','3.3','','UNITED STATES (USA)',1,1,0,'https://www.hapag-lloyd.com/en/online-business/tracing/tracing-by-container.html?container=HLBU++2410837',0,'','',NULL,0,'0','0'),(533,48,31,NULL,NULL,'JT5VN94TXL0017971','','1990','','','','2019-09-01 11:20:59',3,NULL,NULL,381,1,NULL,NULL,0,0,NULL,0,NULL,NULL,NULL,NULL,'2019-09-05 14:20:29',NULL,NULL,'','TOYOTA','','PICKUP BASE RV ','-  Cylinders','','','JAPAN',1,1,0,'',0,'','',NULL,0,'0','0'),(534,48,31,NULL,NULL,'5NPE24AF5GH405956','','2016','','','',NULL,0,NULL,NULL,381,1,NULL,NULL,0,0,NULL,0,NULL,NULL,NULL,NULL,'2019-09-03 20:48:37',NULL,NULL,'','HYUNDAI','Sonata','','In-Line- 4 Cylinders','2.4','','UNITED STATES (USA)',1,0,0,'',0,'','',NULL,0,'0','0'),(535,48,27,NULL,NULL,'5TFRT54198X017123','','2008','','','','2019-09-09 14:17:31',3,NULL,NULL,381,1,NULL,NULL,0,0,NULL,0,NULL,NULL,NULL,NULL,'2019-09-11 16:36:23',NULL,NULL,'','TOYOTA','Tundra','4x2','V-Shaped- 8 Cylinders','4.7','','UNITED STATES (USA)',1,1,0,'',0,'','',NULL,0,'0','0'),(536,48,27,NULL,NULL,'5XYZG4AG8BG034965','','2011','','','','2019-09-10 11:49:55',3,NULL,NULL,381,1,NULL,NULL,0,0,NULL,0,NULL,NULL,NULL,NULL,'2019-09-11 17:01:05',NULL,NULL,'','HYUNDAI','Santa Fe','4x2','V-Shaped- 6 Cylinders','3.5','','UNITED STATES (USA)',1,1,0,'',0,'','',NULL,0,'0','0'),(537,48,37,NULL,NULL,'House Hold ','House Hold ','','MSKU1789115','609767','586307109','2019-09-16 18:12:26',0,NULL,NULL,381,2592,'2019-10-03 14:32:31','2019-11-17 09:44:59',0,1,NULL,6,0,1650,0,0,'2019-10-02 15:46:08',NULL,NULL,'','House Hold ','','','','','','',1,1,1,'https://www.maersk.com/tracking/#tracking/586307109',0,'','house hold ',NULL,0,'0','0'),(538,48,37,NULL,NULL,'1FA6P8THXK5140297','','2019','MSKU1789115','609767','586307109','2019-09-17 16:32:36',3,NULL,'2019-09-19 14:33:09',381,2592,'2019-10-03 14:32:01','2019-11-17 09:44:32',0,1,NULL,6,0,1650,0,0,'2019-10-02 15:45:32',NULL,NULL,'','FORD','Mustang','','In-Line- 4 Cylinders','5','','UNITED STATES (USA)',1,1,0,'https://www.maersk.com/tracking/#tracking/586307109',0,'','',NULL,0,'0','0'),(539,48,27,NULL,NULL,'5TBRT34196S479164','','2006','','','','2019-09-16 13:03:00',3,NULL,NULL,381,1,NULL,NULL,0,0,NULL,0,NULL,NULL,NULL,NULL,'2019-09-17 18:20:25',NULL,NULL,'','TOYOTA','Tundra','4x2','V-Shaped- 8 Cylinders','4.7','','UNITED STATES (USA)',0,1,0,'',0,'','',NULL,0,'0','0'),(540,48,27,NULL,NULL,'5TFEM5F16AX010418','','2010','','','','2019-09-16 13:21:41',3,NULL,NULL,381,1,NULL,NULL,0,0,NULL,0,NULL,NULL,NULL,NULL,'2019-09-18 17:36:29',NULL,NULL,'','TOYOTA','Tundra','4x2','V-Shaped- 8 Cylinders','4.6','','UNITED STATES (USA)',1,1,0,'',0,'','',NULL,0,'0','0'),(541,48,27,NULL,NULL,'5XYKT4A25BG118680','','2011','','','','2019-09-16 16:24:38',3,NULL,NULL,381,1,NULL,NULL,0,0,NULL,0,NULL,NULL,NULL,NULL,'2019-09-23 21:24:43',NULL,NULL,'','KIA','Sorento','4x2','V-Shaped- 6 Cylinders','3.5','','UNITED STATES (USA)',0,1,0,'',0,'','',NULL,0,'0','0'),(542,48,27,17,NULL,'5TFRM5F16EX072960','','2014','','','','2019-09-18 10:38:07',0,NULL,NULL,381,1,NULL,NULL,0,0,NULL,0,NULL,NULL,NULL,NULL,'2019-09-23 20:46:52',NULL,NULL,'','TOYOTA','Tundra','4x2','V-Shaped- 8 Cylinders','4.6','','UNITED STATES (USA)',1,0,0,'',0,'','',NULL,0,'0','0'),(543,48,27,NULL,NULL,'1D7HA16K05J627822','','2005','','','','2019-09-18 16:25:12',3,NULL,NULL,381,1,NULL,NULL,0,0,NULL,0,NULL,NULL,NULL,NULL,'2019-09-23 21:25:17',NULL,NULL,'','DODGE','Ram','4x2','V-Shaped- 6 Cylinders','3.7','','UNITED STATES (USA)',1,1,0,'',0,'','',NULL,0,'0','0'),(544,48,26,NULL,NULL,'KM8SC13D36U071324','','2006','','','','2019-09-19 11:09:00',3,NULL,NULL,381,1,NULL,NULL,0,0,NULL,0,NULL,NULL,NULL,NULL,'2019-09-20 16:15:57',NULL,NULL,'','HYUNDAI','Santa Fe','FWD/Front Wheel Drive','-  Cylinders','2.7','','SOUTH KOREA',1,1,0,'',0,'','',NULL,0,'0','0'),(545,48,27,NULL,NULL,'2C3CDXCT7EH147925','','2014','','','','2019-09-25 13:11:30',3,NULL,NULL,381,1,NULL,NULL,0,0,NULL,0,NULL,NULL,NULL,NULL,'2019-09-25 18:13:41',NULL,NULL,'','DODGE','Charger','RWD/ Rear Wheel Drive','- 8 Cylinders','5.7','','',0,1,0,'',0,'','',NULL,0,'0','0'),(546,48,27,NULL,NULL,'KNAFE121075460678','','2007','','','','2019-09-25 13:21:31',3,NULL,NULL,381,1,NULL,NULL,0,0,NULL,0,NULL,NULL,NULL,NULL,'2019-09-25 18:36:56',NULL,NULL,'','KIA','Spectra','','-  Cylinders','2','','SOUTH KOREA',1,1,0,'',0,'','',NULL,0,'0','0'),(547,48,27,NULL,NULL,'JTEBU11F970019545','','2007','','','','2019-09-24 13:47:08',3,NULL,NULL,381,1,NULL,NULL,0,0,NULL,0,NULL,NULL,NULL,NULL,'2019-09-25 18:52:30',NULL,NULL,'','TOYOTA','FJ Cruiser','4WD/4-Wheel Drive/4x4','V-Shaped- 6 Cylinders','4.0','','JAPAN',1,1,0,'',0,'','',NULL,0,'0','0'),(548,48,27,NULL,NULL,'KMHFC4DF0BA532493','','2011','','','','2019-09-24 13:59:07',3,NULL,NULL,381,1,NULL,NULL,0,0,NULL,0,NULL,NULL,NULL,NULL,'2019-09-25 19:01:14',NULL,NULL,'','HYUNDAI','Azera','','-  Cylinders','3.8','','SOUTH KOREA',0,1,0,'',0,'','',NULL,0,'0','0'),(549,48,27,NULL,NULL,'5TFCW5F17AX009845','','2010','','','','2019-09-26 13:07:45',3,NULL,NULL,381,1,NULL,NULL,0,0,NULL,0,NULL,NULL,NULL,NULL,'2019-09-26 18:14:03',NULL,NULL,'','TOYOTA','Tundra','4WD/4-Wheel Drive/4x4','V-Shaped- 8 Cylinders','5.7','','UNITED STATES (USA)',0,1,0,'',0,'','',NULL,0,'0','0'),(550,48,36,NULL,NULL,'5TENL42N62Z890746','','2002','','','',NULL,1,NULL,NULL,381,1,NULL,NULL,0,0,NULL,7,200,NULL,NULL,40,'2019-10-01 17:10:20',NULL,NULL,'','TOYOTA','Tacoma','4x2','In-Line- 4 Cylinders','2.4','','UNITED STATES (USA)',0,0,0,'',0,'','',27,0,'0','0'),(551,48,33,NULL,NULL,'3GPA1297','CHEVY','1948','','','','2019-04-29 11:35:28',3,NULL,NULL,381,1,NULL,NULL,0,0,NULL,0,60,NULL,NULL,NULL,'2019-09-28 16:38:00','2019-05-01 11:37:30',NULL,'$100 MONTH','CHEVY','COE','','-  Cylinders','','','',1,0,0,'',0,'','',NULL,0,'0','0'),(552,48,33,NULL,NULL,'235275P633188','','1965','','','','2019-04-29 11:40:18',3,NULL,NULL,381,1,NULL,NULL,0,0,NULL,0,60,NULL,NULL,NULL,'2019-09-28 16:50:13','2019-05-01 11:41:22',NULL,'','PONT','','','-  Cylinders','','','',1,1,0,'',0,'','',NULL,0,'0','0'),(553,48,33,NULL,NULL,'138571L183023','','1971','','','','2019-04-29 12:24:25',3,NULL,NULL,381,1,NULL,NULL,0,0,NULL,0,60,NULL,NULL,NULL,'2019-09-28 17:39:49','2019-05-01 12:39:40',NULL,'100','CHEVY ',' monte Carlo','','-  Cylinders','','','',1,1,0,'',0,'','',NULL,0,'0','0'),(554,48,33,NULL,NULL,'VC56A110259','','1956','','','','2019-04-30 12:26:39',3,NULL,NULL,381,1,NULL,NULL,0,0,NULL,0,60,NULL,NULL,NULL,'2019-10-01 17:09:49','2019-05-01 12:27:43',NULL,'','CHEY','BELAIR','','-  Cylinders','','','',1,1,0,'',1,'','alkhateeb79@gmail.com',NULL,0,'0','0'),(555,48,27,NULL,NULL,'WDBRF61J82F186224','','2002','','','','2019-09-30 15:05:29',3,NULL,NULL,381,1,NULL,NULL,0,0,NULL,0,NULL,NULL,NULL,NULL,'2019-09-30 20:11:31',NULL,NULL,'','MERCEDES-BENZ','C-Class','','V-Shaped- 6 Cylinders','2.60','','GERMANY',0,1,0,'',0,'','',NULL,0,'0','0'),(556,48,39,NULL,NULL,'JT3HT05J1W0022663','','1998','','','','2019-10-01 09:43:49',3,NULL,NULL,381,1,NULL,NULL,0,0,NULL,0,NULL,NULL,NULL,NULL,'2019-10-07 09:24:02',NULL,NULL,'','TOYOTA','LAND CRUISER','4WD/4-Wheel Drive/4x4','V-Shaped- 8 Cylinders','4.7','','',1,1,0,'',0,'','',NULL,0,'0','0'),(557,48,32,NULL,NULL,'5TFJU52138X003974','','2008','','','','2019-09-25 09:02:11',3,NULL,NULL,381,1,NULL,NULL,0,0,NULL,0,NULL,NULL,NULL,NULL,'2019-10-02 14:02:17',NULL,NULL,'','TOYOTA','Tundra','4x2','V-Shaped- 6 Cylinders','4','','UNITED STATES (USA)',0,0,0,'',0,'','',27,0,'0','0'),(558,53,38,NULL,NULL,'1FDXE40S4WHB69033','Dakrory','1998','','','',NULL,0,NULL,NULL,-1,1,NULL,NULL,0,0,NULL,0,NULL,NULL,NULL,NULL,'2019-10-03 14:24:34',NULL,NULL,'','FORD','E-450','4x2','In-Line- 6 Cylinders','10.3','','Egypt',0,0,0,'',0,'','',NULL,0,'0','0'),(559,48,28,NULL,NULL,'1FDXE40S4WHB69035','','1998','','','',NULL,0,NULL,NULL,-1,1408,NULL,NULL,0,0,NULL,0,NULL,NULL,NULL,NULL,'2019-10-15 10:21:05',NULL,NULL,'','FORD','E-450','4x2','In-Line- 6 Cylinders','10.3','','UNITED STATES (USA)',0,0,0,'',0,'','',NULL,0,NULL,NULL),(560,48,28,15,NULL,'1FDXE40S4WHB69031',NULL,'1998',NULL,NULL,NULL,NULL,NULL,NULL,NULL,-1,1,NULL,NULL,0,0,NULL,0,NULL,NULL,NULL,NULL,'2019-10-15 10:31:44',NULL,NULL,NULL,'FORD','E-450','4x2','In-Line- 6 Cylinders','10.3','','UNITED STATES (USA)',0,0,0,'',0,'','',NULL,0,'1232','1333');
/*!40000 ALTER TABLE `car` ENABLE KEYS */;
UNLOCK TABLES;

--
-- Table structure for table `carimage`
--

DROP TABLE IF EXISTS `carimage`;
/*!40101 SET @saved_cs_client     = @@character_set_client */;
 SET character_set_client = utf8mb4 ;
CREATE TABLE `carimage` (
  `id` int(11) NOT NULL AUTO_INCREMENT,
  `url` varchar(45) DEFAULT NULL,
  `carId` int(11) DEFAULT NULL,
  `type` int(11) DEFAULT NULL,
  `deleted` int(1) DEFAULT '0',
  PRIMARY KEY (`id`),
  KEY `carId_idx` (`carId`),
  CONSTRAINT `carId` FOREIGN KEY (`carId`) REFERENCES `car` (`id`) ON DELETE NO ACTION ON UPDATE NO ACTION
) ENGINE=InnoDB AUTO_INCREMENT=875 DEFAULT CHARSET=latin1;
/*!40101 SET character_set_client = @saved_cs_client */;

--
-- Dumping data for table `carimage`
--

LOCK TABLES `carimage` WRITE;
/*!40000 ALTER TABLE `carimage` DISABLE KEYS */;
INSERT INTO `carimage` VALUES (527,'img13121727891496750644.jpg',475,0,0),(528,'img9755497851359919681.jpg',475,0,0),(529,'pdf15990824897024387729.pdf',475,2,0),(530,'img4904582403385137949.jpg',518,0,0),(531,'img15765999787129191320.jpg',518,0,0),(532,'img18127485303323693723.jpg',518,0,0),(533,'img9319621321994199926.jpg',518,0,0),(534,'img14673891987303179920.jpg',518,0,0),(535,'img619173934247597850.jpg',518,0,0),(536,'pdf18295478206352882758.pdf',518,2,0),(537,'img12902947674474547216.jpg',519,0,0),(538,'img7278498087274313389.jpg',519,0,0),(539,'img15758403682722340599.jpg',519,0,0),(540,'img200520848761420681.jpg',519,0,0),(541,'img6847785175012359040.jpg',519,0,0),(542,'img13691288641481236385.jpg',519,0,0),(543,'pdf10473223165247975657.pdf',519,2,0),(544,'pdf10569543108947197277.pdf',519,2,0),(545,'img17205617110583793584.jpg',477,0,0),(546,'img14363376725143978470.jpg',477,0,0),(547,'img17073902597324669699.jpg',477,0,0),(548,'img17948791718485688463.jpg',477,0,0),(549,'pdf14189844970305096784.pdf',477,2,0),(550,'pdf3970535983778790710.pdf',477,2,0),(551,'img781077038303400272.jpg',478,0,0),(552,'img15500885956021177065.jpg',478,0,0),(553,'img16917129445244872651.jpg',478,0,0),(554,'img4688145472593452892.jpg',478,0,0),(555,'img827263160927881728.jpg',478,0,0),(556,'pdf16182916473845157690.pdf',478,2,0),(557,'pdf14002986713561838334.pdf',478,2,0),(558,'pdf13443057688398217980.pdf',479,2,0),(559,'pdf12007043519672993826.pdf',479,2,0),(560,'img1712280686893573655.jpg',480,0,0),(561,'img10401313315838598886.jpg',480,0,0),(562,'img7825887560797954705.jpg',480,0,0),(563,'img14192283492723533897.jpg',480,0,0),(564,'img8177111982353402198.jpg',480,0,0),(565,'pdf12243394205186721983.pdf',480,2,0),(566,'pdf7863154867808118151.pdf',480,2,0),(567,'img9561358829276328420.jpg',481,0,0),(568,'img10614728060170450565.jpg',481,0,0),(569,'img16576833051722058103.jpg',481,0,0),(570,'img2247793188788720686.jpg',481,0,0),(571,'img13990738285231471817.jpg',481,0,0),(572,'img2812212824141760989.jpg',481,0,0),(573,'pdf17566195451293582094.pdf',481,2,0),(574,'pdf12659346396607842145.pdf',481,2,0),(575,'img12096438872581655233.jpg',482,0,0),(576,'img8169772255357707441.jpg',482,0,0),(577,'img6182689155537183850.jpg',482,0,0),(578,'img4917957824287565614.jpg',482,0,0),(579,'img1859731574251853274.jpg',482,0,0),(580,'img7933857804898090309.jpg',482,0,0),(581,'pdf10903879328646491021.pdf',482,2,0),(582,'pdf18264633570574457540.pdf',482,2,0),(583,'img15491990383204658159.jpg',484,0,0),(584,'img7284243394688635004.jpg',484,0,0),(585,'img10817598535467001930.jpg',484,0,0),(586,'img1447809945793582238.jpg',484,0,0),(587,'img12673699212221085984.jpg',484,0,0),(588,'img17895328263804464141.jpg',484,0,0),(589,'img1591813113933629895.jpg',484,0,0),(590,'pdf10124816022050674322.pdf',484,2,0),(591,'pdf6184081318801816893.pdf',484,2,0),(592,'img15034993918373527598.jpg',485,0,0),(593,'img3232217273084749575.jpg',485,0,0),(594,'img3988449999850203140.jpg',485,0,0),(595,'img10231969937309147152.jpg',485,0,0),(596,'img8316714139765199185.jpg',485,0,0),(597,'img10853372419830406288.jpg',485,0,0),(598,'pdf11524313750546533036.pdf',485,2,0),(599,'pdf10031531611862268546.pdf',485,2,0),(600,'img219925552832848391.jpg',486,0,0),(601,'img9728164143291207816.jpg',486,0,0),(602,'img4329508803424834415.jpg',486,0,0),(603,'img6173372052464140193.jpg',486,0,0),(604,'img14636598649911800673.jpg',486,0,0),(605,'img11122678048638529985.jpg',486,0,0),(606,'pdf4858243460494312443.pdf',486,2,0),(607,'img9943695385449113169.jpg',488,0,0),(608,'img211681834903664006.jpg',488,0,0),(609,'img10710116645693415286.jpg',488,0,0),(610,'img16291902616356114507.jpg',488,0,0),(611,'img6678644944822958407.jpg',488,0,0),(612,'img239377545659621425.jpg',488,0,0),(613,'img280386260442141510.jpg',488,0,0),(614,'img15598254020550757107.jpg',489,0,0),(615,'img13673602544129634171.jpg',489,0,0),(616,'img11492656631828040945.jpg',489,0,0),(617,'img1632231005756942849.jpg',489,0,0),(618,'img16432302977323325990.jpg',489,0,0),(619,'pdf16190742140619294157.pdf',489,2,0),(620,'img9209444962410867497.jpg',490,0,0),(621,'img13601206934541062081.jpg',490,0,0),(622,'img6585700270302096089.jpg',490,0,0),(623,'img11627503146779503063.jpg',490,0,0),(624,'img13137268728698408766.jpg',490,0,0),(625,'img16696469037790699552.jpg',490,0,0),(626,'img3330344858661527884.jpg',490,0,0),(627,'pdf14472944860374353506.pdf',490,2,0),(628,'img389869749612999630.jpg',491,0,0),(629,'img4152040109404274128.jpg',491,0,0),(630,'img17895094189962914146.jpg',491,0,0),(631,'img1188501303310628672.jpg',491,0,0),(632,'img5900347275721146681.jpg',491,0,0),(633,'img2092429179508118400.jpg',491,0,0),(634,'pdf5727809928876959389.pdf',491,2,0),(635,'pdf14475743749402297713.pdf',491,2,0),(636,'img15607313693187429995.jpg',492,0,0),(637,'img17873950735495395725.jpg',492,0,0),(638,'img18199939357609828131.jpg',492,0,0),(639,'img1054346091263092427.jpg',492,0,0),(640,'img9714929957137430530.jpg',492,0,0),(641,'img12425960742694275697.jpg',492,0,0),(642,'pdf5555385437544495454.pdf',492,2,0),(643,'pdf5295015769404393587.pdf',492,2,0),(644,'img3938458850349014874.jpg',483,0,0),(645,'img10795911929480853396.jpg',483,0,0),(646,'img4694667832734690140.jpg',483,0,0),(647,'img2544343859269816415.jpg',483,0,0),(648,'img1643437439958183639.jpg',483,0,0),(649,'img7091768057567446185.jpg',483,0,0),(650,'pdf16480014380908841795.pdf',483,2,0),(651,'pdf17323401529984634766.pdf',483,2,0),(652,'img2129771951670679599.jpg',487,0,0),(653,'img9163657246584310010.jpg',487,0,0),(654,'img4323635178399545734.jpg',487,0,0),(655,'img11640276852099735927.jpg',487,0,0),(656,'img2280748023402045785.jpg',487,0,0),(657,'img2719675908820271779.jpg',487,0,0),(658,'pdf8760093550158043701.pdf',487,2,0),(659,'pdf12442522934556194101.pdf',487,2,0),(660,'img5654647695841780483.jpg',520,0,0),(661,'img6486497517598137632.jpg',520,0,0),(662,'img6983621713189655349.jpg',520,0,0),(663,'img120171239033534496.jpg',520,0,0),(664,'img11192508397608352835.jpg',520,0,0),(665,'img4911081336475629735.jpg',520,0,0),(666,'pdf17446314350897814407.pdf',520,2,0),(667,'pdf831853144020759646.pdf',520,2,0),(668,'img17364227775198462403.jpg',493,0,0),(669,'img12257322535895597954.jpg',493,0,0),(670,'pdf7320027306087511949.pdf',493,2,0),(671,'img11818293591677355893.jpg',493,0,0),(672,'img2175539764068872600.jpg',493,0,0),(673,'img2558022211623870818.jpg',493,0,0),(674,'pdf10258743472415728967.pdf',493,2,0),(675,'img16527273990426223325.jpg',527,0,0),(676,'img18434396313449989123.jpg',527,0,0),(677,'img15130264523858892435.jpg',527,0,0),(678,'img11969276814541350071.jpg',527,0,0),(679,'img4553231568200636958.jpg',527,0,0),(680,'img8484863533883555407.jpg',527,0,0),(681,'pdf14300354971634298752.pdf',527,2,0),(682,'pdf2128091899883070633.pdf',527,2,0),(683,'img5143441340853124200.jpg',528,0,0),(684,'img4465364204145689617.jpg',528,0,0),(685,'img3893853693377017887.jpg',528,0,0),(686,'img11863087950592117616.jpg',528,0,0),(687,'img12779387385739702214.jpg',528,0,0),(688,'pdf9451434728463331231.pdf',528,2,0),(689,'pdf17662073520910574328.pdf',528,2,0),(690,'img3396272955373021545.jpg',529,0,0),(691,'img17984973542183835841.jpg',529,0,0),(692,'img7816031397350702580.jpg',529,0,0),(693,'img17816113607962922178.jpg',529,0,0),(694,'img2065265273276837434.jpg',529,0,0),(695,'img18068235077935773631.jpg',529,0,0),(696,'pdf2191515647329082792.pdf',494,2,0),(697,'pdf16916267214683504266.pdf',494,2,0),(698,'img6279495474049185438.jpg',530,0,0),(699,'img13455986432239335714.jpg',530,0,0),(700,'pdf12210062493903493607.pdf',530,2,0),(701,'pdf13368200449809251873.pdf',530,2,0),(702,'img12683286625117702244.jpg',494,0,0),(703,'img6194755383693877017.jpg',494,0,0),(704,'img13121371422465297914.jpg',494,0,0),(705,'img14644318963376353093.jpg',494,0,0),(706,'img7986804810091172944.jpg',494,0,0),(707,'img6719662947641916252.jpg',494,0,0),(708,'img13283538413084968925.jpg',495,0,0),(709,'img15241202619581492014.jpg',495,0,0),(710,'img179307970277948231.jpg',495,0,0),(711,'img10980326122016844333.jpg',495,0,0),(712,'img11914303013415681822.jpg',495,0,0),(713,'img905762002423301835.jpg',495,0,0),(714,'pdf13419936715437389575.pdf',495,2,0),(715,'pdf14064544764203167349.pdf',495,2,0),(716,'img1489752978007417838.jpg',502,0,0),(717,'img3793698610745197777.jpg',502,0,0),(718,'img16443608692766770352.jpg',502,0,0),(719,'img16449906697427176300.jpg',502,0,0),(720,'img7319575431956291945.jpg',502,0,0),(721,'img12444782241036195051.jpg',502,0,0),(722,'pdf3708907379606961458.pdf',502,2,0),(723,'pdf13088943671173018315.pdf',502,2,0),(724,'img1831782912603151439.jpg',531,0,0),(725,'img2260762711448079430.jpg',531,0,0),(726,'img17166600742580505666.jpg',531,0,0),(727,'img17574970951005952780.jpg',531,0,0),(728,'img16734744338478680461.jpg',531,0,0),(729,'img18031013122898495375.jpg',531,0,0),(730,'pdf8380382056504460361.pdf',531,2,0),(731,'pdf1819929573769973670.pdf',531,2,0),(732,'pdf10806211974325160054.pdf',532,2,0),(733,'pdf9887468019266502.pdf',532,2,0),(734,'pdf9294940225013279242.pdf',533,2,0),(735,'pdf12593722248914200223.pdf',533,2,0),(736,'img914076331854470644.jpg',534,0,0),(737,'img7286708144461235430.jpg',534,0,0),(738,'img6830825570581362201.jpg',534,0,0),(739,'img780804830434627805.jpg',534,0,0),(740,'img396948359211000182.jpg',534,0,0),(741,'img3443779592697168550.jpg',534,0,0),(742,'img4334148387644140473.jpg',532,0,0),(743,'img1037831493668685146.jpg',532,0,0),(744,'img1485362558415357341.jpg',532,0,0),(745,'img14179915728135241804.jpg',532,0,0),(746,'img14957488163096158058.jpg',532,0,0),(747,'img13081625336387643356.jpg',532,0,0),(748,'img730535419487914211.jpg',533,0,0),(749,'img9878471994164693742.jpg',533,0,0),(750,'img3386282681934829679.jpg',533,0,0),(751,'img2533481955381692772.jpg',533,0,0),(752,'img15540912678980540758.jpg',533,0,0),(753,'pdf15502472528687805136.pdf',535,2,0),(754,'pdf15366060308189752626.pdf',535,2,0),(755,'img18156325682219213044.jpg',535,0,0),(756,'img2430641829576618006.jpg',535,0,0),(757,'img16430837022036931180.jpg',535,0,0),(758,'img9859944103508385730.jpg',535,0,0),(759,'img5290000239943728463.jpg',535,0,0),(760,'img14882973568951529857.jpg',536,0,0),(761,'img7584354393148615438.jpg',536,0,0),(762,'img4959437837380163929.jpg',536,0,0),(763,'img8200149607846558694.jpg',536,0,0),(764,'img6557757951928991868.jpg',536,0,0),(765,'pdf15067944886116890320.pdf',536,2,0),(766,'pdf8568527341841909590.pdf',536,2,0),(767,'img6832718137767680203.jpg',537,0,0),(768,'img12410982824947661037.jpg',537,0,0),(769,'img4257624205992760648.jpg',537,0,0),(770,'img6885759772215070245.jpg',537,0,0),(771,'img17226266559575126586.jpg',537,0,0),(772,'pdf8139538438549949780.pdf',539,2,0),(773,'pdf7191412818641580991.pdf',539,2,0),(774,'pdf10951898429192147442.pdf',540,2,0),(775,'pdf10285696023301760108.pdf',540,2,0),(776,'pdf3215391478399080747.pdf',541,2,0),(777,'pdf13277056646683187292.pdf',541,2,0),(778,'img6370118006173602671.jpg',538,0,0),(779,'img2116760115410438541.jpg',538,0,0),(780,'img16356133539087725066.jpg',538,0,0),(781,'img3578745329869760159.jpg',538,0,0),(782,'img7108694485284416726.jpg',540,0,0),(783,'img16900815037710838503.jpg',540,0,0),(784,'img16147191254032165894.jpg',540,0,0),(785,'img9544477040858195939.jpg',540,0,0),(786,'img11809075354484726277.jpg',540,0,0),(787,'pdf10738814092602994943.pdf',538,2,0),(788,'img4257359026699606935.jpg',542,0,0),(789,'img12122396748886330292.jpg',542,0,0),(790,'img11059668049126919219.jpg',542,0,0),(791,'img833855263014310674.jpg',542,0,0),(792,'img17765265371162851869.jpg',542,0,0),(793,'img8399295191096301511.jpg',542,0,0),(794,'img16724628589669636579.jpg',543,0,0),(795,'img1415937835134135783.jpg',543,0,0),(796,'img5369087429284567841.jpg',543,0,0),(797,'img15412410245412626457.jpg',543,0,0),(798,'img12361669906300058818.jpg',543,0,0),(799,'img17890711102584914065.jpg',543,0,0),(800,'pdf13794555885071022371.pdf',543,2,0),(801,'pdf2190612479007869353.pdf',543,2,0),(802,'img4007722454517221836.jpg',544,0,0),(803,'img14273056448275764275.jpg',544,0,0),(804,'img3903186917924231018.jpg',544,0,0),(805,'img6137945868920233619.jpg',544,0,0),(806,'img7560258750090179704.jpg',544,0,0),(807,'img7466996158545938920.jpg',544,0,0),(808,'pdf6854274275405212853.pdf',544,2,0),(809,'pdf1655039633005846564.pdf',544,2,0),(810,'img16962500925241601593.jpg',479,0,0),(811,'img5805224549821402006.jpg',479,0,0),(812,'img4312315503009213734.jpg',479,0,0),(813,'img14856686809866674985.jpg',479,0,0),(814,'img12684589657053160509.jpg',479,0,0),(815,'img1285993021106584967.jpg',479,0,0),(816,'img9814187096347725972.jpg',479,0,0),(817,'img14810295082362900816.jpg',479,0,0),(818,'pdf4535887256134809134.pdf',545,2,0),(819,'pdf1711235256419966988.pdf',545,2,0),(820,'img15487111003388598327.jpg',546,0,0),(821,'img728220962341183897.jpg',546,0,0),(822,'img12998157932344041258.jpg',546,0,0),(823,'img477797732008313126.jpg',546,0,0),(824,'img6735177894239175379.jpg',546,0,0),(825,'img10840945446600088059.jpg',546,0,0),(826,'pdf3789821370899384353.pdf',546,2,0),(827,'pdf14433245023667487239.pdf',546,2,0),(828,'img16183374068737282230.jpg',547,0,0),(829,'img15115306229269254262.jpg',547,0,0),(830,'img2306704521594653803.jpg',547,0,0),(831,'img3960266896214799983.jpg',547,0,0),(832,'img17968548031169291285.jpg',547,0,0),(833,'img2311062142146367114.jpg',547,0,0),(834,'pdf7927243996932465432.pdf',547,2,0),(835,'pdf11944784877015331871.pdf',547,2,0),(836,'pdf9714169142082672163.pdf',548,2,0),(837,'pdf16558952809871204927.pdf',548,2,0),(838,'img5392216761716529550.jpg',537,1,0),(839,'img17457286281096090105.jpg',537,1,0),(840,'img4359025748164207472.jpg',537,1,0),(841,'img18415349406701596153.jpg',538,1,0),(842,'img8765646885590750183.jpg',538,1,0),(843,'img13640405264881231865.jpg',538,1,0),(844,'pdf4674947490714038643.pdf',538,2,0),(845,'pdf9591395013541714480.pdf',537,2,0),(846,'pdf6494149567924559128.pdf',549,2,0),(847,'pdf13279159548781066133.pdf',549,2,0),(848,'img8067774880754287584.jpg',551,0,0),(849,'img1365694437635616235.jpg',551,0,0),(850,'img10208042923941333901.jpg',551,0,0),(851,'img5937786984338397237.jpg',552,0,0),(852,'img15917202218164889636.jpg',552,0,0),(853,'img2288922929588124403.jpg',552,0,0),(854,'img14228604044828912521.jpg',552,1,0),(855,'img916448466104357691.jpg',552,1,0),(856,'img6618795349007848240.jpg',553,0,0),(857,'img5068747920501394775.jpg',553,0,0),(858,'img13817732268385659578.jpg',553,0,0),(859,'img5841634107728370118.jpg',553,0,0),(860,'img3191220777301102704.jpg',553,1,0),(861,'img15101033363473425928.jpg',553,1,0),(862,'img17976618389687878414.jpg',554,0,1),(863,'img12274922828547023513.jpg',554,0,0),(864,'img10116864147282966104.jpg',554,0,0),(865,'img1104815152384477336.jpg',554,1,0),(866,'pdf10153935670607897648.pdf',555,2,0),(867,'pdf8191096998896263403.pdf',555,2,0),(868,'img15430492547629375724.jpg',556,0,0),(869,'img6050772188099898028.jpg',556,0,0),(870,'img4477476024209549348.jpg',556,0,0),(871,'img18138634729387224199.jpg',556,0,0),(872,'img16518599011378808626.jpg',556,0,0),(873,'pdf17114089051681374542.pdf',556,2,0),(874,'pdf16119130729772835856.pdf',556,2,0);
/*!40000 ALTER TABLE `carimage` ENABLE KEYS */;
UNLOCK TABLES;

--
-- Table structure for table `carimagelanding`
--

DROP TABLE IF EXISTS `carimagelanding`;
/*!40101 SET @saved_cs_client     = @@character_set_client */;
 SET character_set_client = utf8mb4 ;
CREATE TABLE `carimagelanding` (
  `id` int(11) NOT NULL AUTO_INCREMENT,
  `url` varchar(45) DEFAULT NULL,
  `carId` int(11) DEFAULT NULL,
  `deleted` int(1) DEFAULT '0',
  PRIMARY KEY (`id`),
  KEY `carIdIndex_idx` (`carId`),
  CONSTRAINT `carIdIndex` FOREIGN KEY (`carId`) REFERENCES `carlanding` (`id`) ON DELETE NO ACTION ON UPDATE NO ACTION
) ENGINE=InnoDB AUTO_INCREMENT=23 DEFAULT CHARSET=latin1;
/*!40101 SET character_set_client = @saved_cs_client */;

--
-- Dumping data for table `carimagelanding`
--

LOCK TABLES `carimagelanding` WRITE;
/*!40000 ALTER TABLE `carimagelanding` DISABLE KEYS */;
INSERT INTO `carimagelanding` VALUES (17,'img6904015842140216299.jpg',6,0),(18,'img10590752442785442715.jpg',7,0),(19,'img2282934173401047942.jpg',8,0),(20,'img12537831448780625325.jpg',8,0),(21,'img9254292986208669317.jpg',9,0),(22,'',7,1);
/*!40000 ALTER TABLE `carimagelanding` ENABLE KEYS */;
UNLOCK TABLES;

--
-- Table structure for table `carlanding`
--

DROP TABLE IF EXISTS `carlanding`;
/*!40101 SET @saved_cs_client     = @@character_set_client */;
 SET character_set_client = utf8mb4 ;
CREATE TABLE `carlanding` (
  `id` int(11) NOT NULL AUTO_INCREMENT,
  `uuid` varchar(45) DEFAULT NULL,
  `description` varchar(45) DEFAULT NULL,
  `model` varchar(45) DEFAULT NULL,
  `make` varchar(45) DEFAULT NULL,
  `year` varchar(45) DEFAULT NULL,
  `assemblyCountry` varchar(45) DEFAULT NULL,
  `bodyStyle` varchar(45) DEFAULT NULL,
  `docType` varchar(45) DEFAULT NULL,
  `odoMeter` varchar(45) DEFAULT NULL,
  `transmission` int(11) DEFAULT NULL,
  `primaryDamage` varchar(45) DEFAULT NULL,
  `secondaryDamage` varchar(45) DEFAULT NULL,
  `color` varchar(45) DEFAULT NULL,
  `cylinder` varchar(45) DEFAULT NULL,
  `fuel` varchar(45) DEFAULT NULL,
  `currentBid` varchar(45) DEFAULT NULL,
  `saleStatues` varchar(45) DEFAULT NULL,
  `auctionLocation` varchar(45) DEFAULT NULL,
  `dateAdd` datetime DEFAULT NULL,
  `saleDate` datetime DEFAULT NULL,
  `kiloDistance` varchar(45) DEFAULT NULL,
  `Category` int(11) DEFAULT NULL,
  `mainId` int(11) DEFAULT NULL,
  `mainImage` varchar(45) DEFAULT NULL,
  `isShowenInLanding` int(11) DEFAULT '1',
  `deleted` int(1) DEFAULT '0',
  PRIMARY KEY (`id`),
  KEY `userMainId_idx` (`mainId`),
  CONSTRAINT `userMainId` FOREIGN KEY (`mainId`) REFERENCES `user` (`id`) ON DELETE NO ACTION ON UPDATE NO ACTION
) ENGINE=InnoDB AUTO_INCREMENT=13 DEFAULT CHARSET=latin1;
/*!40101 SET character_set_client = @saved_cs_client */;

--
-- Dumping data for table `carlanding`
--

LOCK TABLES `carlanding` WRITE;
/*!40000 ALTER TABLE `carlanding` DISABLE KEYS */;
INSERT INTO `carlanding` VALUES (6,'load suv ','','','BMW','2010','UNITED STATES (USA)','','',NULL,0,'','','','-  Cylinders','','0','','','2019-08-24 03:24:45',NULL,'',0,NULL,'img2867827282921766464.jpg',1,0),(7,'TRANSPORTATION  ','','','Service','','','','',NULL,0,'','','','-  Cylinders','','0','','','2019-09-28 17:49:37',NULL,'',0,NULL,'img16126974696034210721.jpg',1,0),(8,'Motor Cycle RO/RO ','Vehicle in Container','','','2010','','','',NULL,0,'','','','','','0','','','2019-08-24 03:25:32',NULL,'',2,NULL,'img247221560613154543.jpg',1,0),(9,'LOADING 4 VEHICLE IN 40HC ','vechicle in container','','Fiat','2013','','','',NULL,0,'','','','','','','','','2019-08-24 03:26:18',NULL,'',0,NULL,'img8635945255878357805.jpg',1,0),(10,'dozar IN 40HC ','','','','','','','',NULL,0,'','','','','','','','','2019-08-24 03:26:34',NULL,'',0,NULL,'img9247925091115727407.jpg',1,0),(11,'boat','','','','','','','',NULL,0,'','','','','','','','','2019-08-23 01:23:49',NULL,'',1,NULL,'img6886088245701018029.jpg',1,0),(12,'helicopter','','','','','','','',NULL,0,'','','','','','','','','2019-08-23 01:42:10',NULL,'',0,NULL,'img10332231950668488679.jpg',1,0);
/*!40000 ALTER TABLE `carlanding` ENABLE KEYS */;
UNLOCK TABLES;

--
-- Table structure for table `commoditiy`
--

DROP TABLE IF EXISTS `commoditiy`;
/*!40101 SET @saved_cs_client     = @@character_set_client */;
 SET character_set_client = utf8mb4 ;
CREATE TABLE `commoditiy` (
  `id` int(11) NOT NULL AUTO_INCREMENT,
  `lineNum` int(11) DEFAULT NULL,
  `isLine` varchar(1) DEFAULT NULL,
  `it_1` varchar(45) DEFAULT NULL,
  `it_2` varchar(45) DEFAULT NULL,
  `it_3` varchar(45) DEFAULT NULL,
  `it_4` varchar(45) DEFAULT NULL,
  `it_5` varchar(45) DEFAULT NULL,
  `it_6` varchar(45) DEFAULT NULL,
  `it_7` varchar(45) DEFAULT NULL,
  `it_8` varchar(45) DEFAULT NULL,
  `it_9` varchar(45) DEFAULT NULL,
  `it_10` varchar(45) DEFAULT NULL,
  `it_12` varchar(45) DEFAULT NULL,
  `it_13` varchar(45) DEFAULT NULL,
  `it_15` varchar(45) DEFAULT NULL,
  `it_16` varchar(45) DEFAULT NULL,
  `it_17` varchar(45) DEFAULT NULL,
  `it_18` varchar(45) DEFAULT NULL,
  `it_20` varchar(45) DEFAULT NULL,
  `it_21` varchar(45) DEFAULT NULL,
  `odtc_1` varchar(45) DEFAULT NULL,
  `odtc_2` varchar(45) DEFAULT NULL,
  `odtc_3` varchar(45) DEFAULT NULL,
  `odtc_4` varchar(45) DEFAULT NULL,
  `odtc_5` varchar(45) DEFAULT NULL,
  `odtc_6` varchar(45) DEFAULT NULL,
  `odtc_7` varchar(45) DEFAULT NULL,
  `customId` int(11) DEFAULT NULL,
  `deleted` int(1) DEFAULT '0',
  `docReceiptId` int(11) DEFAULT NULL,
  `description` varchar(255) DEFAULT NULL,
  PRIMARY KEY (`id`),
  KEY `customIdcomm_idx` (`customId`),
  KEY `docrecIdComm_idx` (`docReceiptId`),
  CONSTRAINT `customIdcomm` FOREIGN KEY (`customId`) REFERENCES `custom` (`id`) ON DELETE NO ACTION ON UPDATE NO ACTION,
  CONSTRAINT `docrecIdComm` FOREIGN KEY (`docReceiptId`) REFERENCES `docreciept` (`id`) ON DELETE NO ACTION ON UPDATE NO ACTION
) ENGINE=InnoDB AUTO_INCREMENT=32 DEFAULT CHARSET=latin1;
/*!40101 SET character_set_client = @saved_cs_client */;

--
-- Dumping data for table `commoditiy`
--

LOCK TABLES `commoditiy` WRITE;
/*!40000 ALTER TABLE `commoditiy` DISABLE KEYS */;
INSERT INTO `commoditiy` VALUES (27,1,'Y','','0','','1','','','0','','','','','','Y',NULL,'JT3HT05J1W0022663',NULL,'','',NULL,NULL,NULL,NULL,NULL,NULL,NULL,NULL,0,5,'1998 TOYOTA LAND CRUISER'),(28,2,NULL,'','1500','','1','','','1500','','','','','','Y',NULL,'2C3CDXCT7EH147925',NULL,'','',NULL,NULL,NULL,NULL,NULL,NULL,NULL,NULL,0,5,'2014 DODGE Charger'),(29,3,NULL,'','1100','','1','','','1600','','','','','','Y',NULL,'KMHFC4DF0BA532493',NULL,'','',NULL,NULL,NULL,NULL,NULL,NULL,NULL,NULL,0,5,'2011 HYUNDAI Azera'),(30,4,'Y','','1311','','1','','','1311','','','','','','Y',NULL,'1C4RJEBT0CC362650',NULL,'','',NULL,NULL,NULL,NULL,NULL,NULL,NULL,NULL,0,5,'2012 JEEP Grand Cherokee'),(31,1,'Y','','1211','','1','','','2322','','','','','','Y',NULL,'JT3HT05J1W0022663',NULL,'','',NULL,NULL,NULL,NULL,NULL,NULL,NULL,18,0,6,'1998 TOYOTA LAND CRUISER');
/*!40000 ALTER TABLE `commoditiy` ENABLE KEYS */;
UNLOCK TABLES;

--
-- Table structure for table `consignee`
--

DROP TABLE IF EXISTS `consignee`;
/*!40101 SET @saved_cs_client     = @@character_set_client */;
 SET character_set_client = utf8mb4 ;
CREATE TABLE `consignee` (
  `id` int(11) NOT NULL AUTO_INCREMENT,
  `userId` int(11) DEFAULT NULL,
  `other` text,
  `notes` text,
  `parentId` int(11) DEFAULT NULL,
  `deleted` int(1) DEFAULT '0',
  `idType` varchar(1) DEFAULT NULL,
  `idNumber` varchar(45) DEFAULT NULL,
  PRIMARY KEY (`id`),
  KEY `useridForCongnie_idx` (`userId`),
  KEY `parentIdShipper_idx` (`parentId`),
  CONSTRAINT `parentIdShipper` FOREIGN KEY (`parentId`) REFERENCES `shipper` (`id`) ON DELETE NO ACTION ON UPDATE NO ACTION,
  CONSTRAINT `useridForCongnie` FOREIGN KEY (`userId`) REFERENCES `user` (`id`) ON DELETE NO ACTION ON UPDATE NO ACTION
) ENGINE=InnoDB AUTO_INCREMENT=10 DEFAULT CHARSET=latin1;
/*!40101 SET character_set_client = @saved_cs_client */;

--
-- Dumping data for table `consignee`
--

LOCK TABLES `consignee` WRITE;
/*!40000 ALTER TABLE `consignee` DISABLE KEYS */;
INSERT INTO `consignee` VALUES (7,56,'','',28,0,'E','9292390232323'),(8,62,'','',26,0,NULL,NULL),(9,72,'','',27,0,'E','');
/*!40000 ALTER TABLE `consignee` ENABLE KEYS */;
UNLOCK TABLES;

--
-- Table structure for table `custom`
--

DROP TABLE IF EXISTS `custom`;
/*!40101 SET @saved_cs_client     = @@character_set_client */;
 SET character_set_client = utf8mb4 ;
CREATE TABLE `custom` (
  `id` int(11) NOT NULL AUTO_INCREMENT,
  `userId` int(11) DEFAULT NULL,
  `usppiId` int(11) DEFAULT NULL,
  `ulConsigneeId` int(11) DEFAULT NULL,
  `consigneeType` varchar(1) DEFAULT NULL,
  `soldEnRoute` varchar(1) DEFAULT NULL,
  `interConsigneeId` int(11) DEFAULT NULL,
  `freightForwardedId` int(11) DEFAULT NULL,
  `eda` datetime DEFAULT NULL,
  `srn` varchar(45) DEFAULT NULL,
  `scac` varchar(45) DEFAULT NULL,
  `vn` varchar(45) DEFAULT NULL,
  `bn` varchar(45) DEFAULT NULL,
  `doReceiptId` int(11) DEFAULT NULL,
  `st` varchar(45) DEFAULT NULL,
  `ibt` varchar(45) DEFAULT NULL,
  `poe` varchar(45) DEFAULT NULL,
  `cod` varchar(45) DEFAULT NULL,
  `pou` varchar(45) DEFAULT NULL,
  `mot` varchar(45) DEFAULT NULL,
  `rcc` varchar(45) DEFAULT NULL,
  `haz` varchar(45) DEFAULT NULL,
  `rt` varchar(45) DEFAULT NULL,
  `deleted` int(1) DEFAULT '0',
  PRIMARY KEY (`id`),
  KEY `usppiId_idx` (`usppiId`),
  KEY `ulconsignee_idx` (`ulConsigneeId`),
  KEY `interconsignee_idx` (`interConsigneeId`),
  KEY `freightForward_idx` (`freightForwardedId`),
  KEY `userIDForm_idx` (`userId`),
  CONSTRAINT `freightForward` FOREIGN KEY (`freightForwardedId`) REFERENCES `consignee` (`id`) ON DELETE NO ACTION ON UPDATE NO ACTION,
  CONSTRAINT `interconsignee` FOREIGN KEY (`interConsigneeId`) REFERENCES `consignee` (`id`) ON DELETE NO ACTION ON UPDATE NO ACTION,
  CONSTRAINT `ulconsignee` FOREIGN KEY (`ulConsigneeId`) REFERENCES `consignee` (`id`) ON DELETE NO ACTION ON UPDATE NO ACTION,
  CONSTRAINT `userIDForm` FOREIGN KEY (`userId`) REFERENCES `user` (`id`) ON DELETE NO ACTION ON UPDATE NO ACTION,
  CONSTRAINT `usppiId` FOREIGN KEY (`usppiId`) REFERENCES `consignee` (`id`) ON DELETE NO ACTION ON UPDATE NO ACTION
) ENGINE=InnoDB AUTO_INCREMENT=19 DEFAULT CHARSET=latin1;
/*!40101 SET character_set_client = @saved_cs_client */;

--
-- Dumping data for table `custom`
--

LOCK TABLES `custom` WRITE;
/*!40000 ALTER TABLE `custom` DISABLE KEYS */;
INSERT INTO `custom` VALUES (17,48,7,7,'O','N',7,7,'2019-10-17 14:40:44','12312sd23','4343','12c','12e',5,'AR','36','40301','DZ','40302','11','N','Y','Y',0),(18,48,8,8,'D','N',9,7,'2019-10-30 15:10:33','asd283j','4343','12c','2323',6,'AK','68','-1','AL','40901','20','N','Y','Y',0);
/*!40000 ALTER TABLE `custom` ENABLE KEYS */;
UNLOCK TABLES;

--
-- Table structure for table `customer`
--

DROP TABLE IF EXISTS `customer`;
/*!40101 SET @saved_cs_client     = @@character_set_client */;
 SET character_set_client = utf8mb4 ;
CREATE TABLE `customer` (
  `id` int(11) NOT NULL AUTO_INCREMENT,
  `userId` int(11) DEFAULT NULL,
  `idType` int(11) DEFAULT NULL,
  `other` mediumtext,
  `notes` mediumtext,
  `allowAccess` int(11) NOT NULL DEFAULT '0',
  `parentId` int(11) DEFAULT NULL,
  `salesRep` mediumtext,
  `idNumber` varchar(255) DEFAULT NULL,
  `deleted` int(1) DEFAULT '0',
  PRIMARY KEY (`id`),
  KEY `userIdx_idx` (`userId`),
  KEY `dataCustomervendor_idx` (`parentId`),
  CONSTRAINT `dataCustomervendor` FOREIGN KEY (`parentId`) REFERENCES `vendor` (`id`) ON DELETE NO ACTION ON UPDATE NO ACTION,
  CONSTRAINT `newUserData` FOREIGN KEY (`userId`) REFERENCES `user` (`id`) ON DELETE NO ACTION ON UPDATE NO ACTION
) ENGINE=InnoDB DEFAULT CHARSET=latin1;
/*!40101 SET character_set_client = @saved_cs_client */;

--
-- Dumping data for table `customer`
--

LOCK TABLES `customer` WRITE;
/*!40000 ALTER TABLE `customer` DISABLE KEYS */;
/*!40000 ALTER TABLE `customer` ENABLE KEYS */;
UNLOCK TABLES;

--
-- Table structure for table `customtransportation`
--

DROP TABLE IF EXISTS `customtransportation`;
/*!40101 SET @saved_cs_client     = @@character_set_client */;
 SET character_set_client = utf8mb4 ;
CREATE TABLE `customtransportation` (
  `id` int(11) NOT NULL AUTO_INCREMENT,
  `lineNum` int(11) DEFAULT NULL,
  `customId` int(11) DEFAULT NULL,
  `eqNumber` varchar(45) DEFAULT NULL,
  `sn` varchar(45) DEFAULT NULL,
  `deleted` int(1) DEFAULT '0',
  `docReceiptId` int(11) DEFAULT NULL,
  PRIMARY KEY (`id`),
  KEY `customIdTrans_idx` (`customId`),
  KEY `docReIdTran_idx` (`docReceiptId`),
  CONSTRAINT `customIdTrans` FOREIGN KEY (`customId`) REFERENCES `custom` (`id`) ON DELETE NO ACTION ON UPDATE NO ACTION,
  CONSTRAINT `docReIdTran` FOREIGN KEY (`docReceiptId`) REFERENCES `docreciept` (`id`) ON DELETE NO ACTION ON UPDATE NO ACTION
) ENGINE=InnoDB AUTO_INCREMENT=7 DEFAULT CHARSET=latin1;
/*!40101 SET character_set_client = @saved_cs_client */;

--
-- Dumping data for table `customtransportation`
--

LOCK TABLES `customtransportation` WRITE;
/*!40000 ALTER TABLE `customtransportation` DISABLE KEYS */;
INSERT INTO `customtransportation` VALUES (5,1,17,'34','34',0,5),(6,1,18,'234','234',0,6);
/*!40000 ALTER TABLE `customtransportation` ENABLE KEYS */;
UNLOCK TABLES;

--
-- Table structure for table `docreciept`
--

DROP TABLE IF EXISTS `docreciept`;
/*!40101 SET @saved_cs_client     = @@character_set_client */;
 SET character_set_client = utf8mb4 ;
CREATE TABLE `docreciept` (
  `id` int(11) NOT NULL AUTO_INCREMENT,
  `usppiId` int(11) DEFAULT NULL,
  `freightForwarderId` int(11) DEFAULT NULL,
  `ultiConsignee` int(11) DEFAULT NULL,
  `intermConsignee` int(11) DEFAULT NULL,
  `bn` varchar(255) DEFAULT NULL,
  `srn` varchar(255) DEFAULT NULL,
  `portOfExportCountry` varchar(45) DEFAULT NULL,
  `scac` varchar(225) DEFAULT NULL,
  `vn` varchar(225) DEFAULT NULL,
  `portOfExportState` varchar(45) DEFAULT NULL,
  `sailingOn` varchar(45) DEFAULT NULL,
  `itn` varchar(128) DEFAULT NULL,
  `portOfDestination` varchar(45) DEFAULT NULL,
  `loadingTerminal` varchar(255) DEFAULT NULL,
  `mot` varchar(45) DEFAULT NULL,
  `mark_cont` varchar(45) DEFAULT NULL,
  `mark_seal` varchar(45) DEFAULT NULL,
  `no_of_pkg` varchar(45) DEFAULT NULL,
  `billOfLading` varchar(255) DEFAULT NULL,
  `deleted` int(11) DEFAULT NULL,
  `date` datetime DEFAULT NULL,
  `userId` int(11) DEFAULT NULL,
  `mainId` int(11) DEFAULT '0',
  `notifyParity` varchar(1024) DEFAULT NULL,
  `placeOfReceipt` varchar(255) DEFAULT NULL,
  `countryOfDestination` varchar(45) DEFAULT NULL,
  `ibt` int(11) DEFAULT NULL,
  `rt` varchar(45) DEFAULT NULL,
  `rcc` varchar(45) DEFAULT NULL,
  `haz` varchar(45) DEFAULT NULL,
  `consigneeType` varchar(45) DEFAULT NULL,
  `soldEnRoute` varchar(45) DEFAULT NULL,
  `preCarrageBy` varchar(255) DEFAULT NULL,
  `exportCarrier` varchar(225) DEFAULT NULL,
  PRIMARY KEY (`id`),
  KEY `usppiId_idx` (`usppiId`),
  KEY `freightIdDoc_idx` (`freightForwarderId`),
  KEY `consigneeIdDoc_idx` (`ultiConsignee`),
  KEY `interConsigneeIdDoc_idx` (`intermConsignee`),
  KEY `userId_idx` (`userId`),
  KEY `userIdMainDoc_idx` (`mainId`),
  CONSTRAINT `freightIdDoc` FOREIGN KEY (`freightForwarderId`) REFERENCES `consignee` (`id`) ON DELETE NO ACTION ON UPDATE NO ACTION,
  CONSTRAINT `userIdDoc` FOREIGN KEY (`userId`) REFERENCES `user` (`id`) ON DELETE NO ACTION ON UPDATE NO ACTION,
  CONSTRAINT `userIdMainDoc` FOREIGN KEY (`mainId`) REFERENCES `user` (`id`) ON DELETE NO ACTION ON UPDATE NO ACTION,
  CONSTRAINT `usppiIdDoc` FOREIGN KEY (`usppiId`) REFERENCES `consignee` (`id`) ON DELETE NO ACTION ON UPDATE NO ACTION
) ENGINE=InnoDB AUTO_INCREMENT=7 DEFAULT CHARSET=latin1;
/*!40101 SET character_set_client = @saved_cs_client */;

--
-- Dumping data for table `docreciept`
--

LOCK TABLES `docreciept` WRITE;
/*!40000 ALTER TABLE `docreciept` DISABLE KEYS */;
INSERT INTO `docreciept` VALUES (5,7,7,7,7,'12e','12312sd23','AS','4343','12c','AR','sdc23','23d','40302','23d23','11','asd23112','asd21','1','12d',0,'2019-10-17 14:40:44',48,48,'ghjgjghjghj','12d','DZ',36,'Y','N','Y','O','N','gghjghj','asd2121'),(6,8,7,8,9,'2323','asd283j','AS','4343','12c','AK','sdf','23df23d2','40901','sdf23','20','dsf23','c23','1','2323',0,'2019-10-30 15:10:33',48,48,'123123','sd23','AL',68,'Y','N','Y','D','N','1231','sd23');
/*!40000 ALTER TABLE `docreciept` ENABLE KEYS */;
UNLOCK TABLES;

--
-- Table structure for table `invoice`
--

DROP TABLE IF EXISTS `invoice`;
/*!40101 SET @saved_cs_client     = @@character_set_client */;
 SET character_set_client = utf8mb4 ;
CREATE TABLE `invoice` (
  `id` int(11) NOT NULL AUTO_INCREMENT,
  `date` datetime DEFAULT NULL,
  `userIdIssuer` int(11) DEFAULT NULL,
  `userIdCustomer` int(11) DEFAULT NULL,
  `bankName` varchar(255) DEFAULT NULL,
  `bankTelephone` varchar(45) DEFAULT NULL,
  `bankAddress` varchar(255) DEFAULT NULL,
  `bankAccountNumber` varchar(45) DEFAULT NULL,
  `transferFees` int(11) NOT NULL,
  `description_of_charges` mediumtext NOT NULL,
  `deleted` int(1) DEFAULT '0',
  PRIMARY KEY (`id`),
  KEY `idCustomerUser_idx` (`userIdIssuer`),
  KEY `idIssuerUser_idx` (`userIdCustomer`)
) ENGINE=MyISAM AUTO_INCREMENT=28 DEFAULT CHARSET=latin1;
/*!40101 SET character_set_client = @saved_cs_client */;

--
-- Dumping data for table `invoice`
--

LOCK TABLES `invoice` WRITE;
/*!40000 ALTER TABLE `invoice` DISABLE KEYS */;
INSERT INTO `invoice` VALUES (26,'2019-09-14 17:19:28',48,49,'chase bank ','','','896142981',0,'loading 3 unit in 40hc \r\nBOOKING#63684779',0),(27,'2019-10-02 15:52:36',48,69,'CHASE BANK ','7136407963','8411 Gulf Fwy','896142981',0,'Freight and loading from Houston to dammam container 40HC container#MSKU1789115 MAERSK LINNE',0);
/*!40000 ALTER TABLE `invoice` ENABLE KEYS */;
UNLOCK TABLES;

--
-- Table structure for table `invoicecar`
--

DROP TABLE IF EXISTS `invoicecar`;
/*!40101 SET @saved_cs_client     = @@character_set_client */;
 SET character_set_client = utf8mb4 ;
CREATE TABLE `invoicecar` (
  `id` int(11) NOT NULL AUTO_INCREMENT,
  `carId` int(11) DEFAULT NULL,
  `invoiceId` int(11) DEFAULT NULL,
  `deleted` int(1) DEFAULT '0',
  PRIMARY KEY (`id`),
  KEY `invoiceId_idx` (`invoiceId`),
  KEY `carId_idx` (`carId`)
) ENGINE=MyISAM AUTO_INCREMENT=102 DEFAULT CHARSET=latin1;
/*!40101 SET character_set_client = @saved_cs_client */;

--
-- Dumping data for table `invoicecar`
--

LOCK TABLES `invoicecar` WRITE;
/*!40000 ALTER TABLE `invoicecar` DISABLE KEYS */;
INSERT INTO `invoicecar` VALUES (69,483,NULL,0),(68,487,NULL,0),(67,481,NULL,0),(66,482,NULL,0),(65,477,NULL,0),(64,479,NULL,0),(60,479,NULL,0),(63,482,NULL,0),(62,479,NULL,0),(61,482,NULL,0),(70,491,NULL,0),(71,485,NULL,0),(72,486,NULL,0),(73,491,NULL,0),(74,485,NULL,0),(75,486,NULL,0),(76,491,NULL,0),(77,485,NULL,0),(78,486,NULL,0),(79,486,NULL,0),(80,491,NULL,0),(81,485,NULL,0),(82,486,NULL,0),(83,491,NULL,0),(84,485,NULL,0),(85,486,NULL,0),(86,491,NULL,0),(87,485,NULL,0),(88,486,NULL,0),(89,491,NULL,0),(90,485,NULL,0),(91,486,26,0),(92,491,26,0),(93,485,26,0),(94,538,NULL,0),(95,537,NULL,0),(96,537,NULL,0),(97,538,NULL,0),(98,538,NULL,0),(99,537,NULL,0),(100,538,27,0),(101,537,27,0);
/*!40000 ALTER TABLE `invoicecar` ENABLE KEYS */;
UNLOCK TABLES;

--
-- Table structure for table `maintwo`
--

DROP TABLE IF EXISTS `maintwo`;
/*!40101 SET @saved_cs_client     = @@character_set_client */;
 SET character_set_client = utf8mb4 ;
CREATE TABLE `maintwo` (
  `id` int(11) NOT NULL AUTO_INCREMENT,
  `userId` int(11) DEFAULT NULL,
  `idType` int(11) DEFAULT NULL,
  `other` mediumtext,
  `notes` mediumtext,
  `allowAccess` int(11) NOT NULL DEFAULT '0',
  `parentId` int(11) DEFAULT NULL,
  `idNumber` varchar(255) DEFAULT NULL,
  `deleted` int(1) DEFAULT '0',
  PRIMARY KEY (`id`),
  UNIQUE KEY `id_UNIQUE` (`id`),
  KEY `idUser_idx` (`userId`),
  KEY `idMainUnder_idx` (`parentId`),
  KEY `underMainId` (`parentId`),
  CONSTRAINT `parentIdMain` FOREIGN KEY (`parentId`) REFERENCES `user` (`id`) ON DELETE NO ACTION ON UPDATE NO ACTION,
  CONSTRAINT `userIDData` FOREIGN KEY (`userId`) REFERENCES `user` (`id`) ON DELETE NO ACTION ON UPDATE NO ACTION
) ENGINE=InnoDB AUTO_INCREMENT=28 DEFAULT CHARSET=latin1;
/*!40101 SET character_set_client = @saved_cs_client */;

--
-- Dumping data for table `maintwo`
--

LOCK TABLES `maintwo` WRITE;
/*!40000 ALTER TABLE `maintwo` DISABLE KEYS */;
INSERT INTO `maintwo` VALUES (27,55,1,'','',0,48,'',0);
/*!40000 ALTER TABLE `maintwo` ENABLE KEYS */;
UNLOCK TABLES;

--
-- Table structure for table `quote`
--

DROP TABLE IF EXISTS `quote`;
/*!40101 SET @saved_cs_client     = @@character_set_client */;
 SET character_set_client = utf8mb4 ;
CREATE TABLE `quote` (
  `id` int(11) NOT NULL AUTO_INCREMENT,
  `shipperId` int(11) DEFAULT NULL,
  `dateOfShipment` datetime DEFAULT NULL,
  `dimensions` int(11) DEFAULT NULL,
  `commodity` int(11) DEFAULT NULL,
  `comDescription` varchar(255) DEFAULT NULL,
  `width` float DEFAULT NULL,
  `height` float DEFAULT NULL,
  `depth` float DEFAULT NULL,
  `movetype` int(11) DEFAULT NULL,
  `quantity` int(11) DEFAULT NULL,
  `pieces` int(11) DEFAULT NULL,
  `mode` int(11) DEFAULT NULL,
  `loadtype` int(11) DEFAULT NULL,
  `declaredvalue` varchar(255) DEFAULT NULL,
  `fromCountry` int(11) DEFAULT NULL,
  `fromState` int(11) DEFAULT NULL,
  `fromPort` int(11) DEFAULT NULL,
  `toCountry` int(11) DEFAULT NULL,
  `toState` int(11) DEFAULT NULL,
  `toPort` int(11) DEFAULT NULL,
  `note` varchar(255) DEFAULT NULL,
  `weight` float DEFAULT NULL,
  `marineInsurance` int(11) DEFAULT NULL,
  `deleted` int(1) DEFAULT '0',
  PRIMARY KEY (`id`)
) ENGINE=MyISAM AUTO_INCREMENT=6 DEFAULT CHARSET=latin1;
/*!40101 SET character_set_client = @saved_cs_client */;

--
-- Dumping data for table `quote`
--

LOCK TABLES `quote` WRITE;
/*!40000 ALTER TABLE `quote` DISABLE KEYS */;
INSERT INTO `quote` VALUES (5,27,'2019-10-03 07:59:04',1,0,'vehicle ',NULL,NULL,NULL,1,NULL,3,1,1,'',1,46,4802,438,2,3706,'3 vihicle ',NULL,0,0);
/*!40000 ALTER TABLE `quote` ENABLE KEYS */;
UNLOCK TABLES;

--
-- Table structure for table `shipper`
--

DROP TABLE IF EXISTS `shipper`;
/*!40101 SET @saved_cs_client     = @@character_set_client */;
 SET character_set_client = utf8mb4 ;
CREATE TABLE `shipper` (
  `id` int(11) NOT NULL AUTO_INCREMENT,
  `userId` int(11) DEFAULT NULL,
  `idType` int(11) DEFAULT NULL,
  `other` mediumtext,
  `notes` mediumtext,
  `allowAccess` int(11) NOT NULL DEFAULT '0',
  `parentId` int(11) DEFAULT NULL,
  `salesRep` varchar(45) DEFAULT NULL,
  `idNumber` varchar(255) DEFAULT NULL,
  `deleted` int(1) DEFAULT '0',
  PRIMARY KEY (`id`),
  UNIQUE KEY `id_UNIQUE` (`id`),
  KEY `idUser_idx` (`userId`),
  KEY `idMainUnder_idx` (`parentId`),
  KEY `underMainId` (`parentId`),
  CONSTRAINT `idUser` FOREIGN KEY (`userId`) REFERENCES `user` (`id`) ON DELETE NO ACTION ON UPDATE NO ACTION,
  CONSTRAINT `mainParentKey` FOREIGN KEY (`parentId`) REFERENCES `user` (`id`) ON DELETE NO ACTION ON UPDATE NO ACTION
) ENGINE=InnoDB AUTO_INCREMENT=40 DEFAULT CHARSET=latin1;
/*!40101 SET character_set_client = @saved_cs_client */;

--
-- Dumping data for table `shipper`
--

LOCK TABLES `shipper` WRITE;
/*!40000 ALTER TABLE `shipper` DISABLE KEYS */;
INSERT INTO `shipper` VALUES (26,49,1,'','',0,48,'','',0),(27,52,1,'','',0,48,'','27164199500',0),(28,54,1,'','',0,48,'jay','',0),(29,57,3,'','',1,48,'','552165',0),(30,58,1,'','',0,48,'','32040771200',0),(31,63,1,'','',0,48,'','',0),(32,64,1,'','',0,48,'','',0),(33,65,1,'','',0,48,'','',0),(34,66,1,'','',0,48,'','',0),(35,67,1,'','',0,48,'','260201827',0),(36,68,3,'','',0,48,'','N49RC8GF',0),(37,69,1,'','',0,48,'','4108012',0),(38,73,1,'','',0,53,'','',0),(39,74,1,'','',0,48,'','9292390232323',0);
/*!40000 ALTER TABLE `shipper` ENABLE KEYS */;
UNLOCK TABLES;

--
-- Table structure for table `transportfee`
--

DROP TABLE IF EXISTS `transportfee`;
/*!40101 SET @saved_cs_client     = @@character_set_client */;
 SET character_set_client = utf8mb4 ;
CREATE TABLE `transportfee` (
  `id` int(11) NOT NULL AUTO_INCREMENT,
  `location` varchar(45) DEFAULT NULL,
  `city` varchar(45) DEFAULT NULL,
  `state` varchar(45) DEFAULT NULL,
  `njPortCost` varchar(45) DEFAULT NULL,
  `gaPortCost` varchar(45) DEFAULT NULL,
  `txPortCost` varchar(45) DEFAULT NULL,
  `caPortCost` varchar(45) DEFAULT NULL,
  `lowCost` varchar(45) DEFAULT NULL,
  `highCost` varchar(45) DEFAULT NULL,
  `deleted` int(1) DEFAULT '0',
  PRIMARY KEY (`id`)
) ENGINE=InnoDB AUTO_INCREMENT=573 DEFAULT CHARSET=latin1;
/*!40101 SET character_set_client = @saved_cs_client */;

--
-- Dumping data for table `transportfee`
--

LOCK TABLES `transportfee` WRITE;
/*!40000 ALTER TABLE `transportfee` DISABLE KEYS */;
INSERT INTO `transportfee` VALUES (1,'BIRMINGHAM','HUETOWN','AL','0','400','0','0','875','1100',0),(2,'HUNTSVILLE','HUNTSVILLE','AL','0','425','0','0','875','1100',0),(3,'MOBILE','EIGHT MILE','AL','0','400','0','0','875','1100',0),(4,'MONTGOMERY','MONTGOMERY','AL','0','400','0','0','875','1100',0),(5,'BIRMINGHAM','BESSEMER','AL','0','400','0','0','875','1100',0),(6,'DOTHAN','HEADLAND','AL','0','400','0','0','875','1100',0),(7,'HUNTSVILLE','ATHENS','AL','0','400','0','0','875','1100',0),(8,'BIRMINGHAM','MOODY','AL','0','425','0','0','875','1100',0),(9,'TANNER','TANNER','AL','0','450','0','0','875','1100',0),(10,'Fayetteville','PRAIRIE GROVE','AR','0','0','425','0','975','1200',0),(11,'Little Rock','CONWAY','AR','0','0','425','0','975','1200',0),(12,'Fayetteville','Lincoln','AR','0','0','425','0','975','1200',0),(13,'Little Rock','Scott','AR','0','0','425','0','975','1200',0),(14,'PHOENIX','PHOENIX','AZ','0','0','0','300','1050','1400',0),(15,'TUCSON','TUCSON','AZ','0','0','0','425','1050','1400',0),(16,'PHOENIX','PHOENIX','AZ','0','0','0','300','1050','1400',0),(17,'TUCSON','TUCSON','AZ','0','0','0','425','1050','1400',0),(18,'ARIZONA','PHOENIX','AZ','0','0','0','300','1050','1400',0),(19,'PNOENIX','TOLLESON','AZ','0','0','0','400','1050','1400',0),(20,'TUCSON','TUCSON','AZ','0','0','0','475','1050','1400',0),(21,'PHOENIX','CHANDLER','AZ','0','0','0','350','1050','1400',0),(22,'BAKERSFIELD','BAKERSFIELD','CA','0','0','0','275','1050','1400',0),(23,'FRESNO','FRESNO','CA','0','0','0','350','1050','1400',0),(24,'HAYWARD','HAYWARD','CA','0','0','0','400','1050','1400',0),(25,'LOS ANGELES','LOS ANGELES','CA','0','0','0','150','1050','1400',0),(26,'MARTINEZ','MARTINEZ','CA','0','0','0','375','1050','1400',0),(27,'RANCHO CUCAMONGA','RANCHO CUCAMONGA','CA','0','0','0','225','1050','1400',0),(28,'SACRAMENTO','SACRAMENTO','CA','0','0','0','375','1050','1400',0),(29,'SAN BERNARDINO','COLTON','CA','0','0','0','200','1050','1400',0),(30,'SAN DIEGO','SAN DIEGO','CA','0','0','0','225','1050','1400',0),(31,'SAN JOSE','SAN MARTIN','CA','0','0','0','350','1050','1400',0),(32,'SOUTH SACRAMENTO','SACRAMENTO','CA','0','0','0','375','1050','1400',0),(33,'VALLEJO','VALLEJO','CA','0','0','0','375','1050','1400',0),(34,'VAN NUYS','VAN NUYS','CA','0','0','0','175','1050','1400',0),(35,'ANAHEIM','ANAHEIM','CA','0','0','0','200','1050','1400',0),(36,'COLTON','COLTON','CA','0','0','0','200','1050','1400',0),(37,'EAST BAY','BAY POINT','CA','0','0','0','325','1050','1400',0),(38,'FRESNO','FRESNO','CA','0','0','0','375','1050','1400',0),(39,'FONTANA','FONTANA','CA','0','0','0','225','1050','1400',0),(40,'FREMONT','FREMONT','CA','0','0','0','375','1050','1400',0),(41,'HIGH DESERT','HESPERIA','CA','0','0','0','375','1050','1400',0),(42,'LOS ANGELES','GARDENA','CA','0','0','0','150','1050','1400',0),(43,'NORTH HOLLYWOOD','NORTH HOLLYWOOD','CA','0','0','0','150','1050','1400',0),(44,'SACRAMENTO','RANCHO CORDOVA','CA','0','0','0','375','1050','1400',0),(45,'SAN DIEGO','SAN DIEGO','CA','0','0','0','225','1050','1400',0),(46,'CALIFORNIA','ANAHEIM','CA','0','0','0','175','1050','1400',0),(47,'CENTRAL CALIFORNIA','FRESNO','CA','0','0','0','375','1050','1400',0),(48,'RIVERSIDE','RIVERSIDE','CA','0','0','0','375','1050','1400',0),(49,'SAN DIEGO','OCEANSIDE','CA','0','0','0','250','1050','1400',0),(50,'SAN FRANCISCO BAY','HAYWARD','CA','0','0','0','375','1050','1400',0),(51,'SOUTHERN CALIFORNIA','FONTANA','CA','0','0','0','225','1050','1400',0),(52,'SAN DIEGO','SAN DIEGO','CA','0','0','0','225','1050','1400',0),(53,'SACRAMENTO','SACRAMENTO','CA','0','0','0','375','1050','1400',0),(54,'LOS ANGELES','MIRA LOMA','CA','0','0','0','375','1050','1400',0),(55,'SUN VALLEY','SUN VALLEY','CA','0','0','0','200','1050','1400',0),(56,'GOLDEN GATE','TRACY','CA','0','0','0','550','1050','1400',0),(57,'DENVER','BRIGHTON','CO','0','0','525','550','1050','1400',0),(58,'DENVER','DENVER','CO','0','0','525','550','1050','1400',0),(59,'WESTERN COLORADO','DELTA','CO','0','0','525','525','1050','1400',0),(60,'COLORADO','COMMERCE CITY','CO','0','0','525','550','1050','1400',0),(61,'DENVER','AURORA','CO','0','0','525','550','1050','1400',0),(62,'COLORADO SPRINGS','FOUNTAIN','CO','0','0','525','550','1050','1400',0),(63,'Hartford','East Windsor','CT','250','0','0','0','875','1100',0),(64,'Hartford-South','Middletown','CT','250','0','0','0','875','1100',0),(65,'HARTFORD','NEW BRITAIN','CT','250','0','0','0','875','1100',0),(66,'New Castle','New Castle','DE','275','0','0','0','875','1100',0),(67,'SEAFORD','SEAFORD','DE','275','0','0','0','875','1100',0),(68,'FORT PIERCE','FORT PIERCE','FL','0','350','0','0','875','1100',0),(69,'JACKSONVILLE EAST','JACKSONVILLE','FL','0','225','0','0','875','1100',0),(70,'JACKSONVILLE WEST','JACKSONVILLE','FL','0','225','0','0','875','1100',0),(71,'MIAMI CENTRAL','MIAMI','FL','0','350','0','0','875','1100',0),(72,'MIAMI NORTH','MIAMI','FL','0','350','0','0','875','1100',0),(73,'OCALA','OCALA','FL','0','350','0','0','875','1100',0),(74,'ORLANDO','ORLANDO','FL','0','300','0','0','875','1100',0),(75,'PUNTA GORDA','PUNTA GORDA','FL','0','350','0','0','875','1100',0),(76,'TALLAHASSEE','MIDWAY','FL','0','350','0','0','875','1100',0),(77,'TAMPA EAST','DOVER','FL','0','300','0','0','875','1100',0),(78,'TAMPA SOUTH','RIVERVIEW','FL','0','300','0','0','875','1100',0),(79,'WEST PALM BEACH','WEST PALM BEACH','FL','0','375','0','0','875','1100',0),(80,'CLEARWATER','CLEARWATER','FL','0','350','0','0','875','1100',0),(81,'JACKSONVILLE','JACKSONVILLE','FL','0','225','0','0','875','1100',0),(82,'MIAMI','OPA LOCKA','FL','0','350','0','0','875','1100',0),(83,'MIAMI NORTH','PEMBROKE PINES','FL','0','350','0','0','875','1100',0),(84,'ORLANDO NORTH','SANFORD','FL','0','275','0','0','875','1100',0),(85,'ORLANDO','ORLANDO','FL','0','300','0','0','875','1100',0),(86,'PENSACOLA','MILTON','FL','0','350','0','0','875','1100',0),(87,'TAMPA','PALMETTO','FL','0','350','0','0','875','1100',0),(88,'CENTRAL FLORIDA','ORLANDO','FL','0','350','0','0','875','1100',0),(89,'DAYTONA BEACH','DAYTONA BEACH','FL','0','350','0','0','875','1100',0),(90,'FORT LAUDERDALE','DAVIE','FL','0','350','0','0','875','1100',0),(91,'FORT MYERS','FORT MYERS','FL','0','350','0','0','875','1100',0),(92,'IMPERIAL FLORIDA','LAKELAND','FL','0','350','0','0','875','1100',0),(93,'JACKSONVILLE','JACKSONVILLE','FL','0','225','0','0','875','1100',0),(94,'LAKELAND','LAKELAND','FL','0','350','0','0','875','1100',0),(95,'ORLANDO','OCOEE','FL','0','350','0','0','875','1100',0),(96,'PALM BEACH','WEST PALM BEACH','FL','0','375','0','0','875','1100',0),(97,'PENSACOLA','PENSACOLA','FL','0','375','0','0','875','1100',0),(98,'SAINT PETE','CLEARWATER','FL','0','325','0','0','875','1100',0),(99,'TAMPA','TAMPA','FL','0','300','0','0','875','1100',0),(100,'MIAMI','OPA LOCKA','FL','0','350','0','0','875','1100',0),(101,'SARASOTA','BRADENTON','FL','0','350','0','0','875','1100',0),(102,'TAMPA','TAMPA','FL','0','300','0','0','875','1100',0),(103,'OCALA','OCALA','FL','0','350','0','0','875','1100',0),(104,'JACKSONVILLE','JACKSONVILLE','FL','0','225','0','0','875','1100',0),(105,'ATLANTA EAST','LOGANVILLE','GA','0','275','0','0','875','1100',0),(106,'ATLANTA WEST','AUSTELL','GA','0','275','0','0','875','1100',0),(107,'SAVANNAH','SAVANNAH','GA','0','125','0','0','875','1100',0),(108,'TIFTON','TIFTON','GA','0','275','0','0','875','1100',0),(109,'ATLANTA EAST','WINDER','GA','0','275','0','0','875','1100',0),(110,'ATLANTA NORTH','ACWORTH','GA','0','275','0','0','875','1100',0),(111,'ATLANTA','LOGANVILLE','GA','0','275','0','0','875','1100',0),(112,'ATLANTA SOUTH','LAKE CITY','GA','0','275','0','0','875','1100',0),(113,'SAVANNAH','RINCON','GA','0','125','0','0','875','1100',0),(114,'TIFTON','TIFTON','GA','0','275','0','0','875','1100',0),(115,'GEORGIA','ATLANTA','GA','0','300','0','0','875','1100',0),(116,'DRIVE CENTER','STOCKBRIDGE','GA','0','325','0','0','875','1100',0),(117,'GEORGIA','ATLANTA','GA','0','325','0','0','875','1100',0),(118,'METRO ATLANTA','ATLANTA','GA','0','325','0','0','875','1100',0),(119,'ATLANTA','FAIRBURN','GA','0','325','0','0','875','1100',0),(120,'CARTERSVILLE','CARTERSVILLE','GA','0','300','0','0','875','1100',0),(121,'BOISE','NAMPA','ID','0','0','0','600','875','1100',0),(122,'BOISE','CALDWELL','ID','0','0','0','600','875','1100',0),(123,'CHICAGO NORTH','ELGIN','IL','475','0','0','0','875','1100',0),(124,'CHICAGO SOUTH','CHICAGO HEIGHTS','IL','475','0','0','0','875','1100',0),(125,'PEORIA','PEKIN','IL','500','0','0','0','875','1100',0),(126,'CHICAGO WEST','AURORA','IL','475','0','0','0','875','1100',0),(127,'CHICAGO NORTH','WHEELING','IL','475','0','0','0','875','1100',0),(128,'CHICAGO SOUTH','MARKHAM','IL','475','0','0','0','875','1100',0),(129,'LINCOLN','LINCOLN','IL','525','0','0','0','875','1100',0),(130,'SPECIALTY DIVISION','WHEELING','IL','575','0','0','0','875','1100',0),(131,'SAINT LOUIS','GRANITE CITY','IL','550','0','0','0','875','1100',0),(132,'ARENA ILLINOIS','BOLINGBROOK','IL','475','0','0','0','875','1100',0),(133,'CHICAGO','MATTESON','IL','475','0','0','0','875','1100',0),(134,'METRO CHICAGO','AISIP','IL','500','0','0','0','875','1100',0),(135,'Chicago North','East Dundee','IL','475','0','0','0','875','1100',0),(136,'SOUTHERN ILLINOIS','Saint Louis','IL','500','0','0','0','875','1100',0),(137,'HAMMOND','HAMMOND','IN','475','0','0','0','875','1100',0),(138,'INDIANAPOLIS','INDIANAPOLIS','IN','475','0','0','0','875','1100',0),(139,'INDIANAPOLIS','INDIANAPOLIS','IN','475','0','0','0','875','1100',0),(140,'SOUTH BEND','SOUTH BEND','IN','475','0','0','0','875','1100',0),(141,'FORT WAYNE','FORT WAYNE','IN','475','0','0','0','875','1100',0),(142,'INDIANAPOLIS','INDIANAPOLIS','IN','475','0','0','0','875','1100',0),(143,'LOUISVILLE','CLARKSVILLE','IN','475','0','0','0','875','1100',0),(144,'INDIANAPOLIS','PLAINFIELD','IN','475','0','0','0','875','1100',0),(145,'DES MOINES','DES MOINES','IA','650','0','0','0','875','1100',0),(146,'DES MOINES','DES MOINES','IA','650','0','0','0','875','1100',0),(147,'DES MOINES','GRIMES','IA','725','0','0','0','875','1100',0),(148,'Davenport','Davenport','IA','650','0','0','0','875','1100',0),(149,'KANSAS CITY','KANSAS CITY','KS','0','0','475','0','975','1200',0),(150,'WICHITA','WICHITA','KS','0','0','475','0','975','1200',0),(151,'KANSAS CITY','KANSAS CITY','KS','0','0','475','0','975','1200',0),(152,'WICHITA','WICHITA','KS','0','0','475','0','975','1200',0),(153,'LEXINGTON EAST','LEXINGTON','KY','525','0','0','0','875','1100',0),(154,'LEXINGTON WEST','LAWRENCEBURG','KY','525','0','0','0','875','1100',0),(155,'LOUISVILLE','LOUISVILLE','KY','525','0','0','0','875','1100',0),(156,'WALTON','WALTON','KY','525','0','0','0','875','1100',0),(157,'ASHLAND','ASHLAND','KY','500','0','0','0','875','1100',0),(158,'BOWLING GREEN','BOWLING GREEN','KY','525','0','0','0','875','1100',0),(159,'PADUCAH','PADUCAH','KY','550','0','0','0','875','1100',0),(160,'BIRMINGHAM','HUETOWN','AL','0','400','0','0','875','1100',0),(161,'HUNTSVILLE','HUNTSVILLE','AL','0','425','0','0','875','1100',0),(162,'MOBILE','EIGHT MILE','AL','0','400','0','0','875','1100',0),(163,'MONTGOMERY','MONTGOMERY','AL','0','400','0','0','875','1100',0),(164,'BIRMINGHAM','BESSEMER','AL','0','400','0','0','875','1100',0),(165,'DOTHAN','HEADLAND','AL','0','400','0','0','875','1100',0),(166,'HUNTSVILLE','ATHENS','AL','0','400','0','0','875','1100',0),(167,'BIRMINGHAM','MOODY','AL','0','425','0','0','875','1100',0),(168,'TANNER','TANNER','AL','0','450','0','0','875','1100',0),(169,'Fayetteville','PRAIRIE GROVE','AR','0','0','425','0','975','1200',0),(170,'Little Rock','CONWAY','AR','0','0','425','0','975','1200',0),(171,'Fayetteville','Lincoln','AR','0','0','425','0','975','1200',0),(172,'Little Rock','Scott','AR','0','0','425','0','975','1200',0),(173,'PHOENIX','PHOENIX','AZ','0','0','0','300','1050','1400',0),(174,'TUCSON','TUCSON','AZ','0','0','0','425','1050','1400',0),(175,'PHOENIX','PHOENIX','AZ','0','0','0','300','1050','1400',0),(176,'TUCSON','TUCSON','AZ','0','0','0','425','1050','1400',0),(177,'ARIZONA','PHOENIX','AZ','0','0','0','300','1050','1400',0),(178,'PNOENIX','TOLLESON','AZ','0','0','0','400','1050','1400',0),(179,'TUCSON','TUCSON','AZ','0','0','0','475','1050','1400',0),(180,'PHOENIX','CHANDLER','AZ','0','0','0','350','1050','1400',0),(181,'BAKERSFIELD','BAKERSFIELD','CA','0','0','0','275','1050','1400',0),(182,'FRESNO','FRESNO','CA','0','0','0','350','1050','1400',0),(183,'HAYWARD','HAYWARD','CA','0','0','0','400','1050','1400',0),(184,'LOS ANGELES','LOS ANGELES','CA','0','0','0','150','1050','1400',0),(185,'MARTINEZ','MARTINEZ','CA','0','0','0','375','1050','1400',0),(186,'RANCHO CUCAMONGA','RANCHO CUCAMONGA','CA','0','0','0','225','1050','1400',0),(187,'SACRAMENTO','SACRAMENTO','CA','0','0','0','375','1050','1400',0),(188,'SAN BERNARDINO','COLTON','CA','0','0','0','200','1050','1400',0),(189,'SAN DIEGO','SAN DIEGO','CA','0','0','0','225','1050','1400',0),(190,'SAN JOSE','SAN MARTIN','CA','0','0','0','350','1050','1400',0),(191,'SOUTH SACRAMENTO','SACRAMENTO','CA','0','0','0','375','1050','1400',0),(192,'VALLEJO','VALLEJO','CA','0','0','0','375','1050','1400',0),(193,'VAN NUYS','VAN NUYS','CA','0','0','0','175','1050','1400',0),(194,'ANAHEIM','ANAHEIM','CA','0','0','0','200','1050','1400',0),(195,'COLTON','COLTON','CA','0','0','0','200','1050','1400',0),(196,'EAST BAY','BAY POINT','CA','0','0','0','325','1050','1400',0),(197,'FRESNO','FRESNO','CA','0','0','0','375','1050','1400',0),(198,'FONTANA','FONTANA','CA','0','0','0','225','1050','1400',0),(199,'FREMONT','FREMONT','CA','0','0','0','375','1050','1400',0),(200,'HIGH DESERT','HESPERIA','CA','0','0','0','375','1050','1400',0),(201,'LOS ANGELES','GARDENA','CA','0','0','0','150','1050','1400',0),(202,'NORTH HOLLYWOOD','NORTH HOLLYWOOD','CA','0','0','0','150','1050','1400',0),(203,'SACRAMENTO','RANCHO CORDOVA','CA','0','0','0','375','1050','1400',0),(204,'SAN DIEGO','SAN DIEGO','CA','0','0','0','225','1050','1400',0),(205,'CALIFORNIA','ANAHEIM','CA','0','0','0','175','1050','1400',0),(206,'CENTRAL CALIFORNIA','FRESNO','CA','0','0','0','375','1050','1400',0),(207,'RIVERSIDE','RIVERSIDE','CA','0','0','0','1050','1050','1400',0),(208,'SAN DIEGO','OCEANSIDE','CA','0','0','0','250','1050','1400',0),(209,'SAN FRANCISCO BAY','HAYWARD','CA','0','0','0','375','1050','1400',0),(210,'SOUTHERN CALIFORNIA','FONTANA','CA','0','0','0','225','1050','1400',0),(211,'SAN DIEGO','SAN DIEGO','CA','0','0','0','225','1050','1400',0),(212,'SACRAMENTO','SACRAMENTO','CA','0','0','0','375','1050','1400',0),(213,'LOS ANGELES','MIRA LOMA','CA','0','0','0','1050','1050','1400',0),(214,'SUN VALLEY','SUN VALLEY','CA','0','0','0','200','1050','1400',0),(215,'GOLDEN GATE','TRACY','CA','0','0','0','1050','1050','1400',0),(216,'DENVER','BRIGHTON','CO','0','0','525','550','1050','1400',0),(217,'DENVER','DENVER','CO','0','0','525','550','1050','1400',0),(218,'WESTERN COLORADO','DELTA','CO','0','0','1050','1050','1050','1400',0),(219,'COLORADO','COMMERCE CITY','CO','0','0','525','550','1050','1400',0),(220,'DENVER','AURORA','CO','0','0','525','550','1050','1400',0),(221,'COLORADO SPRINGS','FOUNTAIN','CO','0','0','525','550','1050','1400',0),(222,'Hartford','East Windsor','CT','250','0','0','0','875','1100',0),(223,'Hartford-South','Middletown','CT','250','0','0','0','875','1100',0),(224,'HARTFORD','NEW BRITAIN','CT','250','0','0','0','875','1100',0),(225,'New Castle','New Castle','DE','275','0','0','0','875','1100',0),(226,'SEAFORD','SEAFORD','DE','275','0','0','0','875','1100',0),(227,'FORT PIERCE','FORT PIERCE','FL','0','350','0','0','875','1100',0),(228,'JACKSONVILLE EAST','JACKSONVILLE','FL','0','225','0','0','875','1100',0),(229,'JACKSONVILLE WEST','JACKSONVILLE','FL','0','225','0','0','875','1100',0),(230,'MIAMI CENTRAL','MIAMI','FL','0','350','0','0','875','1100',0),(231,'MIAMI NORTH','MIAMI','FL','0','350','0','0','875','1100',0),(232,'OCALA','OCALA','FL','0','350','0','0','875','1100',0),(233,'ORLANDO','ORLANDO','FL','0','300','0','0','875','1100',0),(234,'PUNTA GORDA','PUNTA GORDA','FL','0','350','0','0','875','1100',0),(235,'TALLAHASSEE','MIDWAY','FL','0','350','0','0','875','1100',0),(236,'TAMPA EAST','DOVER','FL','0','300','0','0','875','1100',0),(237,'TAMPA SOUTH','RIVERVIEW','FL','0','300','0','0','875','1100',0),(238,'WEST PALM BEACH','WEST PALM BEACH','FL','0','375','0','0','875','1100',0),(239,'CLEARWATER','CLEARWATER','FL','0','350','0','0','875','1100',0),(240,'JACKSONVILLE','JACKSONVILLE','FL','0','225','0','0','875','1100',0),(241,'MIAMI','OPA LOCKA','FL','0','350','0','0','875','1100',0),(242,'MIAMI NORTH','PEMBROKE PINES','FL','0','350','0','0','875','1100',0),(243,'ORLANDO NORTH','SANFORD','FL','0','275','0','0','875','1100',0),(244,'ORLANDO','ORLANDO','FL','0','300','0','0','875','1100',0),(245,'PENSACOLA','MILTON','FL','0','350','0','0','875','1100',0),(246,'TAMPA','PALMETTO','FL','0','350','0','0','875','1100',0),(247,'CENTRAL FLORIDA','ORLANDO','FL','0','350','0','0','875','1100',0),(248,'DAYTONA BEACH','DAYTONA BEACH','FL','0','350','0','0','875','1100',0),(249,'FORT LAUDERDALE','DAVIE','FL','0','350','0','0','875','1100',0),(250,'FORT MYERS','FORT MYERS','FL','0','350','0','0','875','1100',0),(251,'IMPERIAL FLORIDA','LAKELAND','FL','0','350','0','0','875','1100',0),(252,'JACKSONVILLE','JACKSONVILLE','FL','0','225','0','0','875','1100',0),(253,'LAKELAND','LAKELAND','FL','0','350','0','0','875','1100',0),(254,'ORLANDO','OCOEE','FL','0','350','0','0','875','1100',0),(255,'PALM BEACH','WEST PALM BEACH','FL','0','375','0','0','875','1100',0),(256,'PENSACOLA','PENSACOLA','FL','0','375','0','0','875','1100',0),(257,'SAINT PETE','CLEARWATER','FL','0','325','0','0','875','1100',0),(258,'TAMPA','TAMPA','FL','0','300','0','0','875','1100',0),(259,'MIAMI','OPA LOCKA','FL','0','350','0','0','875','1100',0),(260,'SARASOTA','BRADENTON','FL','0','350','0','0','875','1100',0),(261,'TAMPA','TAMPA','FL','0','300','0','0','875','1100',0),(262,'OCALA','OCALA','FL','0','350','0','0','875','1100',0),(263,'JACKSONVILLE','JACKSONVILLE','FL','0','225','0','0','875','1100',0),(264,'ATLANTA EAST','LOGANVILLE','GA','0','275','0','0','875','1100',0),(265,'ATLANTA WEST','AUSTELL','GA','0','275','0','0','875','1100',0),(266,'SAVANNAH','SAVANNAH','GA','0','125','0','0','875','1100',0),(267,'TIFTON','TIFTON','GA','0','275','0','0','875','1100',0),(268,'ATLANTA EAST','WINDER','GA','0','275','0','0','875','1100',0),(269,'ATLANTA NORTH','ACWORTH','GA','0','275','0','0','875','1100',0),(270,'ATLANTA','LOGANVILLE','GA','0','275','0','0','875','1100',0),(271,'ATLANTA SOUTH','LAKE CITY','GA','0','275','0','0','875','1100',0),(272,'SAVANNAH','RINCON','GA','0','125','0','0','875','1100',0),(273,'TIFTON','TIFTON','GA','0','275','0','0','875','1100',0),(274,'GEORGIA','ATLANTA','GA','0','300','0','0','875','1100',0),(275,'DRIVE CENTER','STOCKBRIDGE','GA','0','325','0','0','875','1100',0),(276,'GEORGIA','ATLANTA','GA','0','325','0','0','875','1100',0),(277,'METRO ATLANTA','ATLANTA','GA','0','325','0','0','875','1100',0),(278,'ATLANTA','FAIRBURN','GA','0','325','0','0','875','1100',0),(279,'CARTERSVILLE','CARTERSVILLE','GA','0','300','0','0','875','1100',0),(280,'BOISE','NAMPA','ID','0','0','0','600','1050','1400',0),(281,'BOISE','CALDWELL','ID','0','0','','600','1050','1400',0),(282,'CHICAGO NORTH','ELGIN','IL','475','0','0','0','875','1100',0),(283,'CHICAGO SOUTH','CHICAGO HEIGHTS','IL','475','0','0','0','875','1100',0),(284,'PEORIA','PEKIN','IL','500','0','0','0','875','1100',0),(285,'CHICAGO WEST','AURORA','IL','475','0','0','0','875','1100',0),(286,'CHICAGO NORTH','WHEELING','IL','475','0','0','0','875','1100',0),(287,'CHICAGO SOUTH','MARKHAM','IL','475','0','0','0','875','1100',0),(288,'LINCOLN','LINCOLN','IL','525','0','0','0','875','1100',0),(289,'SPECIALTY DIVISION','WHEELING','IL','575','0','0','0','875','1100',0),(290,'SAINT LOUIS','GRANITE CITY','IL','550','0','0','0','875','1100',0),(291,'ARENA ILLINOIS','BOLINGBROOK','IL','475','0','0','0','875','1100',0),(292,'CHICAGO','MATTESON','IL','475','0','0','0','875','1100',0),(293,'METRO CHICAGO','AISIP','IL','500','0','0','0','875','1100',0),(294,'Chicago North','East Dundee','IL','475','0','0','0','875','1100',0),(295,'SOUTHERN ILLINOIS','Saint Louis','IL','500','0','0','0','875','1100',0),(296,'HAMMOND','HAMMOND','IN','475','0','0','0','875','1100',0),(297,'INDIANAPOLIS','INDIANAPOLIS','IN','475','0','0','0','875','1100',0),(298,'INDIANAPOLIS','INDIANAPOLIS','IN','475','0','0','0','875','1100',0),(299,'SOUTH BEND','SOUTH BEND','IN','475','0','0','0','875','1100',0),(300,'FORT WAYNE','FORT WAYNE','IN','475','0','0','0','875','1100',0),(301,'INDIANAPOLIS','INDIANAPOLIS','IN','475','0','0','0','875','1100',0),(302,'LOUISVILLE','CLARKSVILLE','IN','475','0','0','0','875','1100',0),(303,'INDIANAPOLIS','PLAINFIELD','IN','475','0','0','0','875','1100',0),(304,'DES MOINES','DES MOINES','IA','650','0','0','0','875','1100',0),(305,'DES MOINES','DES MOINES','IA','650','0','0','0','875','1100',0),(306,'DES MOINES','GRIMES','IA','725','0','0','0','875','1100',0),(307,'Davenport','Davenport','IA','650','0','0','0','875','1100',0),(308,'KANSAS CITY','KANSAS CITY','KS','0','0','475','0','975','1200',0),(309,'WICHITA','WICHITA','KS','0','0','475','0','975','1200',0),(310,'KANSAS CITY','KANSAS CITY','KS','0','0','475','0','975','1200',0),(311,'WICHITA','WICHITA','KS','0','0','475','0','975','1200',0),(312,'LEXINGTON EAST','LEXINGTON','KY','525','0','0','0','875','1100',0),(313,'LEXINGTON WEST','LAWRENCEBURG','KY','525','0','0','0','875','1100',0),(314,'LOUISVILLE','LOUISVILLE','KY','525','0','0','0','875','1100',0),(315,'WALTON','WALTON','KY','525','0','0','0','875','1100',0),(316,'ASHLAND','ASHLAND','KY','500','0','0','0','875','1100',0),(317,'BOWLING GREEN','BOWLING GREEN','KY','525','0','0','0','875','1100',0),(318,'PADUCAH','PADUCAH','KY','550','0','0','0','875','1100',0),(319,'LEXINGTON','LEXINGTON','KY','525','0','0','0','875','1100',0),(320,'Louisville North','Eminence','KY','575','0','575','575','875','1100',0),(321,'BATON ROUGE','GREENWELL SPRINGS','LA','0','0','325','0','975','1200',0),(322,'LIVINGSTON','LIVINGSTON','LA','0','0','325','0','975','1200',0),(323,'NEW ORLEANS','NEW ORLEANS','LA','0','0','325','0','975','1200',0),(324,'SHREVEPORT','SHREVEPORT','LA','0','0','325','0','975','1200',0),(325,'BATON ROUGE','LIVINGSTON','LA','0','0','300','0','975','1200',0),(326,'LAFAYETTE','SCOTT','LA','0','0','325','0','975','1200',0),(327,'NEW ORLEANS','SLIDELL','LA','0','0','325','0','975','1200',0),(328,'SHREVEPORT','SHREVEPORT','LA','0','0','325','0','975','1200',0),(329,'PORTLAND - SACO','SACO','ME','300','0','0','0','875','1100',0),(330,'LYMAN','LYMAN','ME','300','0','0','0','875','1100',0),(331,'Portland - Gorham','Gorham','ME','300','0','0','0','875','1100',0),(332,'WASHINGTON DC','WALDORF','MD','300','0','0','0','875','1100',0),(333,'BALTIMORE','FINKSBURG','MD','300','0','0','0','875','1100',0),(334,'SALISBURY','FRUITLAND','MD','325','0','0','0','875','1100',0),(335,'BALTIMORE','BALTIMORE','MD','300','0','0','0','875','1100',0),(336,'LAUREL','LAUREL','MD','300','0','0','0','875','1100',0),(337,'METRO DC','BRANDYWINE','MD','300','0','0','0','875','1100',0),(338,'BALTIMORE - WASHINGTON','ELKRIDGE','MD','300','0','0','0','875','1100',0),(339,'Dundalk','Dundalk','MD','300','0','0','0','875','1100',0),(340,'NORTH BOSTON','NORTH BILLERICA','MA','325','0','0','0','875','1100',0),(341,'SOUTH BOSTON','BELLINGHAM','MA','350','0','0','0','875','1100',0),(342,'WEST WARREN','WEST WARREN','MA','350','0','0','0','875','1100',0),(343,'BOSTON','LANCASTER','MA','350','0','0','0','875','1100',0),(344,'TAUNTON','EAST TAUNTON','MA','350','0','0','0','875','1100',0),(345,'NEW ENGLAND','NORTH DIGHTON','MA','350','0','0','0','875','1100',0),(346,'BOSTON','FRAMINGHAM','MA','350','0','0','0','875','1100',0),(347,'CONCORD','ACTON','MA','350','0','0','0','875','1100',0),(348,'Boston - Shirley','Shirley','MA','350','0','0','0','875','1100',0),(349,'DETROIT','WOODHAVEN','MI','525','0','0','0','875','1100',0),(350,'LANSING','LANSING','MI','525','0','0','0','875','1100',0),(351,'DETROIT','BELLEVILLE','MI','525','0','0','0','875','1100',0),(352,'GRAND RAPIDS','BYRON CENTER','MI','525','0','0','0','875','1100',0),(353,'DETROIT','CARLETON','MI','525','0','0','0','875','1100',0),(354,'METRO DETROIT','FLAT ROCK','MI','575','0','0','0','875','1100',0),(355,'LANSING','DIMONDALE','MI','525','0','0','0','875','1100',0),(356,'KINCHELOE','KINCHELOE','MI','850','0','0','0','875','1100',0),(357,'MINNEAPOLIS','FRIDLEY','MN','525','0','0','0','875','1100',0),(358,'MINNEAPOLIS NORTH','HAM LAKE','MN','525','0','0','0','875','1100',0),(359,'SAINT CLOUD','AVON','MN','525','0','0','0','875','1100',0),(360,'MINNEAPOLIS','SAINT PAUL','MN','525','0','0','0','875','1100',0),(361,'MINNEAPOLLIS','MAPLE GROVE','MN','525','0','0','0','875','1100',0),(362,'NORTHSTAR MINNESOTA','SHAKOPEE','MN','525','0','0','0','875','1100',0),(363,'MINNEAPOLIS','DAYTON','MN','525','0','0','0','875','1100',0),(364,'JACKSON','FLORENCE','MS','0','450','0','0','875','1100',0),(365,'JACKSON','JACKSON','MS','0','450','0','0','875','1100',0),(366,'Gulf Coast','Moss Point','MS','0','450','0','0','875','1100',0),(367,'Grenada','Grenada','MS','0','450','0','0','875','1100',0),(368,'COLUMBIA','COLUMBIA','MO','550','0','0','0','875','1100',0),(369,'SIKESTON','SIKESTON','MO','550','0','0','0','875','1100',0),(370,'SPRINGFIELD','ROGERSVILLE','MO','550','0','0','0','875','1100',0),(371,'SAINT LOUIS','BRIDGETON','MO','550','0','0','0','875','1100',0),(372,'SPRINGFIELD','SPRINGFIELD','MOY','550','0','0','0','875','1100',0),(373,'KANSAS CITY','KANSAS CITY','MO','550','0','0','0','875','1100',0),(374,'MISSOURI','SPRINGFIELD','MO','550','0','0','0','875','1100',0),(375,'SAINT LOUIS','BRIDGETON','MO','550','0','0','0','875','1100',0),(376,'KANSAS CITY','BELTON','MO','550','0','0','0','875','1100',0),(377,'SAINT LOUIS','BARNHART','MO','550','0','0','0','875','1100',0),(378,'BILLINGS','BILLINGS','MT','1050','0','0','0','875','1100',0),(379,'HELENA','HELENA','MT','1050','0','0','0','875','1100',0),(380,'BILLINGS','BILLINGS','MT','1050','0','0','0','875','1100',0),(381,'MISSOULA','MISSOULA','MT','1050','0','0','0','875','1100',0),(382,'LINCOLN','GREENWOOD','NE','775','0','0','0','875','1100',0),(383,'OMANA','OMAHA','NE','775','0','0','0','875','1100',0),(384,'OMAHA','OMAHA','NE','775','0','0','0','875','1100',0),(385,'Fargo','Fargo','ND','0','0','0','1100','1050','1400',0),(386,'LAS VEGAS','LAS VEGAS','NV','0','0','0','300','1050','1400',0),(387,'RENO','RENO','NV','0','0','0','400','1050','1400',0),(388,'LAS VEGAS','HENDERSON','NV','0','0','0','300','1050','1400',0),(389,'RENO','MCCARRAN','NV','0','0','0','400','1050','1400',0),(390,'LAS VEGAS','LAS VEGAS','NV','0','0','0','300','1050','1400',0),(391,'NEVADA','LAS VEGAS','NV','0','0','0','300','1050','1400',0),(392,'MANCHESTER','SALEM','NH','400','0','0','0','875','1100',0),(393,'CANDIA','CANDIA','NH','400','0','0','0','875','1100',0),(394,'GLASSBORO EAST','GLASSBORO','NJ','200','0','0','0','875','1100',0),(395,'SOMERVILLE','HILLSBOROUGH','NJ','150','0','0','0','875','1100',0),(396,'TRENTON','WINDSOR','NJ','150','0','0','0','875','1100',0),(397,'CENTRAL NEW JERSEY','MORGANVILLE','NJ','150','0','0','0','875','1100',0),(398,'NORTHERN NEW JERSEY','CARTERET','NJ','125','0','0','0','875','1100',0),(399,'SOUTHERN NEW JERSEY','TURNERSVILLE','NJ','200','0','0','0','875','1100',0),(400,'NY METRO SKYLINE','FAIRFIELD','NJ','175','0','0','0','875','1100',0),(401,'NEW JERSEY','BORDENTOWN','NJ','200','0','0','0','875','1100',0),(402,'NEW JERSEY','MANVILLE','NJ','200','0','0','0','875','1100',0),(403,'Avenel New Jersey','Avenel','NJ','125','0','0','0','875','1100',0),(404,'ALBUQUERQUE','ALBUQUERQUE','NM','0','0','0','525','1050','1400',0),(405,'ALBUQUERQUE','ALBUQUERQUE','NM','0','0','0','525','1050','1400',0),(406,'NEW MEXICO','ALBUQUERQUE','NM','0','0','0','525','1050','1400',0),(407,'ALBANY','ALBANY','NY','300','0','0','0','875','1100',0),(408,'LONG ISLAND','BROOKHAVEN','NY','225','0','0','0','875','1100',0),(409,'NEWBURGH','MARLBORO','NY','225','0','0','0','875','1100',0),(410,'ROCHESTER','LE ROY','NY','350','0','0','0','875','1100',0),(411,'SYRACUSE','CENTRAL SQUARE','NY','325','0','0','0','875','1100',0),(412,'ALBANY','SCHENECTADY','NY','300','0','0','0','875','1100',0),(413,'BUFFALO','BUFFALO','NY','400','0','0','0','875','1100',0),(414,'LONG ISLAND','MEDFORD','NY','225','0','0','0','875','1100',0),(415,'NEWBURGH','ROCK TAVERN','NY','225','0','0','0','875','1100',0),(416,'ROCHESTER','ROCHESTER','NY','350','0','0','0','875','1100',0),(417,'SYRACUSE','CICERO','NY','325','0','0','0','875','1100',0),(418,'ALBANY','CLIFTON PARK','NY','350','0','0','0','875','1100',0),(419,'NEW YORK','NEWBURGH','NY','250','0','0','0','875','1100',0),(420,'BUFFALO','AKRON','NY','425','0','0','0','875','1100',0),(421,'SYRACUSE','CICERO','NY','325','0','0','0','875','1100',0),(422,'LONG ISLAND','YAPHANK','NY','300','0','0','0','875','1100',0),(423,'CHINA GROVE','CHINA GROVE','NC','0','300','0','0','875','1100',0),(424,'RALEIGH','DUNN','NC','0','300','0','0','875','1100',0),(425,'ASHEVILLE','FLETCHER','NC','0','300','0','0','875','1100',0),(426,'CONCORD','CONCORD','NC','0','300','0','0','875','1100',0),(427,'CHARLOTTE','CHARLOTTE','NC','0','300','0','0','875','1100',0),(428,'GREENSBORO','GRAHAM','NC','0','325','0','0','875','1100',0),(429,'RALEIGH','CLAYTON','NC','0','300','0','0','875','1100',0),(430,'WILMINGTON','CASTLE HAYNE','NC','0','350','0','0','875','1100',0),(431,'NORTH CAROLINA','KENLY','NC','0','400','0','0','875','1100',0),(432,'STATESVILLE','STATESVILLE','NC','0','400','0','0','875','1100',0),(433,'RALEIGH','CLAYTON','NC','0','300','0','0','875','1100',0),(434,'CHARLOTTE','CHARLOTTE','NC','0','300','0','0','875','1100',0),(435,'MEBANE','MEBANE','NC','0','350','0','0','875','1100',0),(436,'CLEVELAND EAST','NORTHFIELD','OH','450','0','0','0','875','1100',0),(437,'CLEVELAND WEST','COLUMBIA STATION','OH','450','0','0','0','875','1100',0),(438,'COLUMBUS','COLUMBUS','OH','450','0','0','0','875','1100',0),(439,'AKRON - CANTON','NEW PHILADELPHIA','OH','450','0','0','0','875','1100',0),(440,'COLUMBUS','GROVE CITY','OH','450','0','0','0','875','1100',0),(441,'CINCINNATI','WEST CHESTER','OH','450','0','0','0','875','1100',0),(442,'CLEVELAND','LORAIN','OH','450','0','0','0','875','1100',0),(443,'CINCINNATI SOUTH','AMELIA','OH','450','0','0','0','875','1100',0),(444,'DAYTON','DAYTON','OH','450','0','0','0','875','1100',0),(445,'LIMA','LIMA','OH','450','0','0','0','875','1100',0),(446,'CINCINNATI','HAMILTON','OH','450','0','0','0','875','1100',0),(447,'OHIO','GROVE CITY','OH','450','0','0','0','875','1100',0),(448,'DAYTON','DAYTON','OH','450','0','0','0','875','1100',0),(449,'CLEVELAND','NORTHFIELD','OH','450','0','0','0','875','1100',0),(450,'CINCINNATI','FRANKLIN','OH','450','0','0','0','875','1100',0),(451,'OKLAHOMA CITY','OKLAHOMA CITY','OK','0','0','400','0','975','1200',0),(452,'TULSA','TULSA','OK','0','0','400','0','975','1200',0),(453,'OKLAHOMA CITY','OKLAHOMA CITY','OK','0','0','400','0','975','1200',0),(454,'TULSA','TULSA','OK','0','0','400','0','975','1200',0),(455,'EUGENE','EUGENE','OR','0','0','0','525','1050','1400',0),(456,'PORTLAND','PORTLAND','OR','0','0','0','525','1050','1400',0),(457,'WOODBURN','WOODBURN','OR','0','0','0','525','1050','1400',0),(458,'EUGENE','EUGENE','OR','0','0','0','525','1050','1400',0),(459,'PORTLAND','PORTLAND','OR','0','0','0','525','1050','1400',0),(460,'PORTLAND','PORTLAND','OR','0','0','0','525','1050','1400',0),(461,'ALTOONA','EBENSBURG','PA','375','0','0','0','875','1100',0),(462,'CHAMBERSBURG','CHAMBERSBURG','PA','375','0','0','0','875','1100',0),(463,'HARRISBURG','GRANTVILLE','PA','300','0','0','0','875','1100',0),(464,'PHILADELPHIA','PENNSBURG','PA','200','0','0','0','875','1100',0),(465,'Bridgeport','Bridgeport','PA','200','0','0','0','875','1100',0),(466,'PITTSBURGH NORTH','ELLWOOD CITY','PA','400','0','0','0','875','1100',0),(467,'PITTSBURGH SOUTH','WEST MIFFLIN','PA','400','0','0','0','875','1100',0),(468,'YORK HAVEN','YORK HAVEN','PA','300','0','0','0','875','1100',0),(469,'ALTOONA','EAST FREEDOM','PA','375','0','0','0','875','1100',0),(470,'ERIE','GARLAND','PA','475','0','0','0','875','1100',0),(471,'HARRISBURG','MANCHESTER','PA','325','0','0','0','875','1100',0),(472,'PHILADELPHIA','CONSHOHOCKEN','PA','200','0','0','0','875','1100',0),(473,'PITTSBURGH SOUTH','MOUNTAIN MORRIS','PA','400','0','0','0','875','1100',0),(474,'Pittsburgh-North','GIBSONIA','PA','400','0','0','0','875','1100',0),(475,'SCRANTON','PITTSTON','PA','275','0','0','0','875','1100',0),(476,'CENTRAL PENN','GRANTVILLE','PA','275','0','0','0','875','1100',0),(477,'PENNSYLVANIA','MANHEIM','PA','275','0','0','0','875','1100',0),(478,'PHILADELPHIA','HATFIELD','PA','275','0','0','0','875','1100',0),(479,'PITTSBURGH','CRANBERRY','PA','400','0','0','0','875','1100',0),(480,'PA','YORK','PA','350','0','0','0','875','1100',0),(481,'York Springs','York Springs','PA','275','0','0','0','875','1100',0),(482,'PITTSBURGH','MERCER','PA','300','0','0','0','875','1100',0),(483,'PHILADELPHIA EAST','CHALFONT','PA','250','0','0','0','875','1100',0),(484,'COLUMBIA','GASTON','SC','0','275','0','0','875','1100',0),(485,'GREER','GREER','SC','0','275','0','0','875','1100',0),(486,'CHARLESTON','RAVENEL','SC','0','275','0','0','875','1100',0),(487,'GREENVILLE','GREENVILLE','SC','0','275','0','0','875','1100',0),(488,'DARLINGTON','DARLINGTON','SC','0','275','0','0','875','1100',0),(489,'SIOUX FALLS','TEA','SD','900','0','0','0','875','1100',0),(490,'SIOUX FALLS','TEA','SD','900','0','0','0','875','1100',0),(491,'Sioux Falls','Sioux Falls','SD','900','0','0','0','875','1100',0),(492,'KNOXVILLE','MADISONVILLE','TN','0','400','0','0','875','1100',0),(493,'MEMPHIS','MEMPHIS','TN','0','400','0','0','875','1100',0),(494,'NASHVILLE','LEBANON','TN','0','400','0','0','875','1100',0),(495,'CHATTANOOGA','CHATTANOOGA','TN','0','400','0','0','875','1100',0),(496,'KNOXVILLE','KNOXVILLE','TN','0','400','0','0','875','1100',0),(497,'MEMPHIS','MEMPHIS','TN','0','425','0','0','875','1100',0),(498,'NASHVILLE','NASHVILLE','TN','0','400','0','0','875','1100',0),(499,'NASHVILLE','MOUNTAINE JULIET','TN','0','400','0','0','875','1100',0),(500,'TENNESSEE','NASHVILLE','TN','0','400','0','0','875','1100',0),(501,'KNOXVILLE','LENOIR CITY','TN','0','400','0','0','875','1100',0),(502,'MEMPHIS','MEMPHIS','TN','0','400','0','0','875','1100',0),(503,'NASHVILLE','OLD HICKORY','TN','0','400','0','0','875','1100',0),(504,'ABILENE','ABILENE','TX','0','0','375','0','975','1200',0),(505,'AMARILLO','AMARILLO','TX','0','0','450','0','975','1200',0),(506,'AUSTIN','NEW BRAUNFELS','TX','0','0','250','0','975','1200',0),(507,'CORPUS CHRISTI','CORPUS CHRISTI','TX','0','0','300','0','975','1200',0),(508,'DALLAS','GRAND PRAIRIE','TX','0','0','275','0','975','1200',0),(509,'EL PASO','EL PASO','TX','0','0','450','0','975','1200',0),(510,'FORT WORTH','HASLET','TX','0','0','275','0','975','1200',0),(511,'HOUSTON','HOUSTON','TX','0','0','125','0','975','1200',0),(512,'KEMAH','KEMAH','TX','0','0','275','0','975','1200',0),(513,'LONGVIEW','LONGVIEW','TX','0','0','275','0','975','1200',0),(514,'LUFKIN','LUFKIN','TX','0','0','275','0','975','1200',0),(515,'MCALLEN','MERCEDES','TX','0','0','325','0','975','1200',0),(516,'AUSTIN','AUSTIN','TX','0','0','250','0','975','1200',0),(517,'CORPUS CHRISTI','CORPUS CHRISTI','TX','0','0','325','0','975','1200',0),(518,'FORT WORTH','GRAND PRAIRIE','TX','0','0','275','0','975','1200',0),(519,'DALLAS SOUTH','WILMER','TX','0','0','275','0','975','1200',0),(520,'EL PASO','EL PASO','TX','0','0','400','0','975','1200',0),(521,'HOUSTON NORTH','HOUSTON','TX','0','0','125','0','975','1200',0),(522,'HOUSTON','HOUSTON','TX','0','0','125','0','975','1200',0),(523,'LONGVIEW','LONGVIEW','TX','0','0','275','0','975','1200',0),(524,'PERMIAN BASIN','ODESSA','TX','0','0','400','0','975','1200',0),(525,'SAN ANTONIO SOUTH','SAN ANTONIO','TX','0','0','275','0','975','1200',0),(526,'SAN ANTONIO','SAN ANTONIO','TX','0','0','275','0','975','1200',0),(527,'DALLAS','DALLAS','TX','0','0','275','0','975','1200',0),(528,'DALLAS - FORT WORTH','EULESS','TX','0','0','375','0','975','1200',0),(529,'EL PASO','EL PASO','TX','0','0','500','0','975','1200',0),(530,'HOUSTON','HOUSTON','TX','0','0','125','0','975','1200',0),(531,'METRO DALLAS','GRAND PRAIRIE','TX','0','0','275','0','975','1200',0),(532,'SAN ANTONIO','SAN ANTONIO','TX','0','0','275','0','975','1200',0),(533,'TEXAS HOBBY','HOUSTON','TX','0','0','125','0','975','1200',0),(534,'HOUSTON','HOUSTON','TX','0','0','125','0','975','1200',0),(535,'SAN ANTONIO','SAN ANTONIO','TX','0','0','325','0','975','1200',0),(536,'DALLAS','HUTCHINS','TX','0','0','375','0','975','1200',0),(537,'AUSTIN','AUSTIN','TX','0','0','250','0','975','1200',0),(538,'SAN ANTONIO','SAN ANTONIO','TX','0','0','325','0','975','1200',0),(539,'ANDREWS','ANDREWS','TX','0','0','450','0','975','1200',0),(540,'LUBBOCK','LUBBOCK','TX','0','0','450','0','975','1200',0),(541,'Fort Worth North','Justin','TX','0','0','325','0','975','1200',0),(542,'Austin','Dale','TX','0','0','250','0','975','1200',0),(543,'SALT LAKE CITY','NORTH SALT LAKE','UT','1050','1050','1050','450','1050','1400',0),(544,'SALT LAKE CITY','OGDEN','UT','1050','1050','1050','450','1050','1400',0),(545,'UTAH','WOODS CROSS','UT','1050','1050','1050','450','1050','1400',0),(546,'Culpeper','Culpeper','VA','375','375','375','375','875','1100',0),(547,'Northern Virginia','Fredericksburg','VA','350','350','350','350','875','1100',0),(548,'Pulaski','Pulaski','VA','375','500','500','500','875','1100',0),(549,'Richmond','Ashland','VA','375','375','375','375','875','1100',0),(550,'Suffolk','Suffolk','VA','375','500','500','500','875','1100',0),(551,'Tidewater','Yorktown','VA','375','500','500','500','875','1100',0),(552,'DANVILLE','CHATHAM','VA','375','375','375','375','875','1100',0),(553,'HAMPTON','HAMPTON','VA','375','375','375','375','875','1100',0),(554,'RICHMOND','SANDSTON','VA','375','375','375','375','875','1100',0),(555,'BURLINGTON','ESSEX','VT','500','500','500','500','875','1100',0),(556,'GRAHAM','GRAHAM','WA','0','0','0','800','1050','1400',0),(557,'NORTH SEATTLE','ARLINGTON','WA','0','0','0','675','1050','1400',0),(558,'PASCO','PASCO','WA','0','0','0','800','1050','1400',0),(559,'SPOKANE','AIRWAY HEIGHTS','WA','0','0','0','800','1050','1400',0),(560,'SPOKANE','SPOKANE','WA','0','0','0','800','1050','1400',0),(561,'SEATTLE','TUKWILA','WA','0','0','0','675','1050','1400',0),(562,'SEATTLE','KENT','WA','0','0','0','675','1050','1400',0),(563,'SEATTLE','AUBURN','WA','0','0','0','675','1050','1400',0),(564,'CHARLESTON','HURRICANE','WV','550','0','0','0','875','1100',0),(565,'BUCKHANNON','BUCKHANNON','WV','550','0','0','0','875','1100',0),(566,'SHADY SPRING','Shady Spring','WV','550','0','0','0','875','1100',0),(567,'MADISON','MADISON','WI','525','0','0','0','875','1100',0),(568,'MILWAUKEE','CUDAHY','WI','525','0','0','0','875','1100',0),(569,'APPLETON','APPLETON','WI','525','0','0','0','875','1100',0),(570,'MILWAUKEE','SUSSEX','WI','525','0','0','0','875','1100',0),(571,'MILWAUKEE','CALEDONIA','WI','525','0','0','0','875','1100',0),(572,'WISCONSIN','PORTAGE','WI','525','525','525','525','875','1100',0);
/*!40000 ALTER TABLE `transportfee` ENABLE KEYS */;
UNLOCK TABLES;

--
-- Table structure for table `user`
--

DROP TABLE IF EXISTS `user`;
/*!40101 SET @saved_cs_client     = @@character_set_client */;
 SET character_set_client = utf8mb4 ;
CREATE TABLE `user` (
  `id` int(255) NOT NULL AUTO_INCREMENT,
  `userName` varchar(255) DEFAULT NULL,
  `company` varchar(255) DEFAULT NULL,
  `firstName` varchar(255) NOT NULL,
  `lastName` varchar(255) NOT NULL,
  `email` varchar(255) NOT NULL,
  `password` varchar(255) NOT NULL,
  `date` datetime NOT NULL,
  `lastUpdate` datetime NOT NULL,
  `image` longblob,
  `role` int(11) NOT NULL,
  `active` int(11) NOT NULL,
  `country` varchar(11) DEFAULT NULL,
  `address1` varchar(255) DEFAULT NULL,
  `address2` varchar(255) DEFAULT NULL,
  `city` varchar(255) DEFAULT NULL,
  `state` varchar(255) DEFAULT NULL,
  `zip` varchar(255) DEFAULT NULL,
  `phoneCode` varchar(255) DEFAULT NULL,
  `phone` varchar(255) DEFAULT NULL,
  `mobilePhone` varchar(255) DEFAULT NULL,
  `phone2` varchar(255) DEFAULT NULL,
  `fax` varchar(255) DEFAULT NULL,
  `deleted` int(1) DEFAULT '0',
  `mainUserId` int(11) DEFAULT NULL,
  PRIMARY KEY (`id`),
  KEY `idForMain_idx` (`mainUserId`),
  CONSTRAINT `idForMain` FOREIGN KEY (`mainUserId`) REFERENCES `user` (`id`) ON DELETE NO ACTION ON UPDATE NO ACTION
) ENGINE=InnoDB AUTO_INCREMENT=75 DEFAULT CHARSET=latin1;
/*!40101 SET character_set_client = @saved_cs_client */;

--
-- Dumping data for table `user`
--

LOCK TABLES `user` WRITE;
/*!40000 ALTER TABLE `user` DISABLE KEYS */;
INSERT INTO `user` VALUES (48,'cargomarine@yahoo.com','Cargo Marine','Ziad','','cargomarine@yahoo.com','f805c195607413a786066db9084fb6db','2019-08-21 00:00:00','2019-08-21 20:31:04',_binary 'PNG\r\n\Z\n\0\0\0\rIHDR\0\0 \0\0\0\0\0\mq\0\0\0bKGD\0\0\0BG\0\0\0	pHYs\0\0.#\0\0.#x?v\0\0\0tIME\-\\m!\0\0 \0IDATx\\\ygYY\\\\{3UU\\t7t7 H1*HL&W*%QIb*jr57\Zx5QBnDd\SgM{\\\\Ty\%-<\\u\\o\N`1\c1\c1\c1\c1\c1\c1\c1\c1\c1\c1\c1\c1\c1\c1\c1\c1\c1\c1\c1\c1\c1\c1\c1\c1\c1\c1\c1\c1\c1\c1\c1\c1\c1\c1\c1\c1\c1\c1\c1\c1\c1\c1\c1\c1\c1\c1\c1\c1\c1\c1\c1\c1\c1\c1\c1\c1\c1\c1\c1\c1\c1\c1\c1\c1\c1\c1\c1\c1\c1\c1\c1\c1\c1\c1\c1\c1\c1\cz\oO\Y0\1\<N\~\/G\j\\\\"nlG?\=/ru\\'\y5f1\c1^\\fPg~p\\\_}\3\wo?~sww\\2\\\"_m\ums\\'>\/^\\\\HfW\\=\\c,\01\~\\\vVr)%MY.\\1*u\@U$uhN6)]bR	k)hh8O8k+>g1\wc\\+\VV3U(u	Q2\P;e\@UT.\\F]qr\T$s)\^\x\}=\\c,\01EU\\O/fsw$\y\hH \n\"! TB\\\\8h6\zgq<\kOO;\\g\-\\\v\o<u!\\w\;\^c1c\g\_\_\o}\_|\}\kwo\:\\n\\|\\\$cN49^A! \\Z\F^fAY*8\am{N97\hv\_$NV?(|(\\\\-1\y\z@1C^\I)7\"\\\>Goax\Ogm]8n\sgG/on]EV!\\\\\h87\r\\\U}\b>\9U\-\{c\._d\C\\\7M&+9K\=\g\Z^vj\\Fh\\\IPAN 2Wh	lN#N\-_q~[.-#j0`4Y\p/W\s3{G\Zc\0\9\\?s/}q\V?+\\%/{\\\\\\\KoS\ORLz\-t1M4\\9\Tgy\7<=\n\\\[}CgwM\FAsrT74uE\:f	1eR\1!\\\p\\"\\\D\0/|M3\|\_<y!G\$H)Uk\\D/I$-< e8:\Z1@H\\4?\j\7\Y3SG\=1\X\0b\\\)[\Sgd\\O{\N7jfvsg\=);\zy\\z9CW{{Z+\'N\t\W\4Mb\h\t]9#)X.\[v\8x+\^\Yv\H\ w\Z\)9[8\\\n\\\;\\\)C?5+\\|\\"6gPS8A%RBm&e$P\jU\\\"\[.\/8]G\~=u#_[]{\r1\yo\<\Mo\U/\2c\0\\\_/Y;~\\Y7\\\{\\u_\\*\|\}?S\WV\\\\l\\,F=~=.\f!\\\8qht]G\"hFUO!\Mf2J%\\8cZ\Q\)\E6\s\y\\Ww\'\UUH\-;Rv\<E`VU\\\\r\\~\{.?\\\5k\\[^s\e\'L\\\"j\\\@jh[\\UE\n\n/5U@\(.qy\;sv\\4\\)Lk\\dpG\p\\\\\?/>\'o\\W\\~\T\x\\\1w[~\\Uc,\01\\\\IG\\BU9o=vt\{?\\K\_W\.\/V\G\OX\\[;\\-\|E/\\<\Y\>_\l\_r-k\X\.\\\+\}>9G7~\\\W\\\\\\b\v$)e\9\\"m\88289RW\T\\0#geD&\|\r\\r[&V\0TI(sIS1prTq\0$#dT\!\9\4\v\\[\\\wlu\\m.\\x4>qd}2\\&\\OX2\\")UT(\,HI \tGJ\m\Z\Z\\\\e/9c\".;\\\u|dEy\\.CLVX\8C\\\c7wx}6\?v2v6\\\\|\\JGj\x\=\\/\C\\W;{\B\s\\\\\g~\mWc\0?v\_<NRy\\	\m\U=.\\rL\"\U\'9\\rNsn\\t\_bo:\\.[W\X[\'\\\/]\fcX\F\rX.Yv\\9\\,hD\n\'BL	Mf\1:V9f)\\nl/;\\\3\;pFC\a\\ACK\T\?w\n\\#\/:>\\\#\pY!eLpBv91p\#4\px\W\}W\l\ZV\H*}/3ck\>0h\\\;+\\}\g}\\f=\\ov|!kDT\\\8\>vViR.-\n\6Q\n\\x\\Hh\p)\r\E	v\\y\#;\/\"\]2p<au}\\\r\'N\ooy\W}s8zl\r[\r>Q;\}\\O\^\\w_\\ \,~#f\t\>q\\\\\~\\c\\k\G9y\ZY_\{\\U\c>\^\2$Js\\{\gp\]O\9?|\\?}\p>w1Nb\]N|uK\\\\0]<\@!E-\N\\'P&\=K\\\Ur\\sb<,\"Yov91	\	1nh\LEG\8rNThVVj\(,%\:@\\\1p&pjT\zG\W\KKq5`^\\\yR#dgJ$N/= Ee+*\\X\C# I\h9fk9\C\ee\\{J.Ipq4\1\p87\\w,B\\\]VKq\\\\\'\[~\7~m?.>\08q\Pr \\z\{\*a\eb\8/\EJ\R\\D\/@\\)\\\+\\}>\\"\\{\p\\#?|\y\|pN_\h\~\\|\\L54NW/$,%9~o=\wY\\%k\\\\~\+[&\?\\Sc \Y[?vx\b6\"\_~\\/>\A\Yl#O\K\<\\\\6\j~I\\dmww1!\U\Z\f\n?P{n\\\\\\?:_x\_?{\\g9;\3\t>S\isg\\9j+5k@\\\5\0$\*)\_s\\^82jpU`em2\r\x)\\\p\nD%;GVGL0\2\\P\B\O\'\\<*{mu	a\Z< \3<F#\\"B\7\r7\S\:\\c;S-Yv-\|>\\\'s\\_y\K\\\_\\\/s\ \IFUh\j\\\ 	\]	\R.K\|E\\ff\0\4NQ\s-.x\VO\\\O~\9&ru)^2,<\Z\"\lb? xH1\{\i\\\1\hS\\=\{\#\\;6c \7U%qON]7#\gG;7\\'>\'\\}\\'^\9gj\g\6/]p\}[\K\'N\n1\\\\|s\f\?S/!\\n#\\\\\\E\\q[\6\\N~\.\\m\_,p_\c{\\O92~pVePUtIl9&\;O\\7Qc\#G\\\>:n^YK\bH\!Up4\\ZDza\\d@w,Ex<hSfX5T46\\\fTyT>R:w\B#	5\ xM\\\ x*!%T<EI^\	UjUpT\1@USgw\<4]\F{\\vO\\\^\g=\_\[X]Y~\\w\[:\0Ru\\ ^\Qg}b\I\\\'\\8QJKVH58\\00\\	z\u\&vS$\}\\\0\;]8RQyhBE`m0:HN-\W*\\\y\\D\Gs^\]~\\W{1\\\\"\K\^\\\\\\e\Zc \?co<Z{\#G^^\\C\'w<W\-\r\(wK<{f\\\\\>x\O\\\m]z\n/\b{[\e>\{\\sy\\}:L*U1,~W\]\\\\'\'\|\\U\.8\'wm\NNOrqq\\Gm\T<\J3\iG\\t#\V#}\b&H \D P;!P\)s\h\r+#&\r\X\@\.\n{+SA/\!\"5dqJ39GR\*9R\$\v\r=mW\\\nGU,(?;+:&\\\\l-\\\=\(\Z=8^y\\"\\"LKJ/\8\\\)W\"%4+JS96F5W<e}\\'\<\\\\\-\\\_,sdc\^\|s.~w}\W9sTJ(A|E$\"\ITA\\\r\I%P\8-=\{7)tQTCPr\tE\f\;-E%9O 78B%a<|\3ne2f\%\\EBUM30Z\T\\\%\\\l\"20\BS\P\2\\\y\K\\\\o\\[Y?#CvsZ=z/\]x\/W\\\M*c \Oo\-#qz\\kyeqY5wf\%9\q1\\QsDr\\\\-bW&y\\!\r?\"6CNHN\q8>	\\\\\:,bf?Sk\8\\\_Pu\Mq9\X\Y\r\\3*\9\{\\ikg3\\\\8ygp\{j8P\YrrpD\MC\v,kC^\ihB9\PrJr\hPW}/	\\	r*.>=Yh\~,PL\"\Y\n\l\m#j\\\rJ%B]I$2%)kDp<\ivHt@\'B\3G\s\:Y\\B{{^\9!.zym{{\\\[_\\\\\\;V9&\~\m3CZI_EsF\r!#\\\\ d,!K!dHya\aU_zr*2\\nY%B^^27\Ta8\\kNau\0Gg>\~xN#\\'\\0|S\\.%XdhSW-\!\>O<\C\\un<_\uy/y\{\++T\Wf2=\\\^\2\W\^7&+k\w}aWlc\0\)ms\Go\\\zN%Kc?\\\OU_\\u7\H=\:\&\t)\d.\RftYpNX<p$Upz\\\\\S#l8\\|\GwZ}\e\-XTfD]yFU\8Bt?;\1+wh\mb$9\\\\K(U\i*4~e4\\c=:+\reQh(GV>\\FhY\A\E,\X\:0\,\"g\\r1\R\n6@e8<\Q\\\o5*%\R*^x\\\\1!NhjIT 	\W>Q\$\]vt2j01b\\uKA\0Cp8>8=<;#\]\\W4}i^\\l\\\F6\7\O\mo\7~\> d\\o\w\0\;CP\\Y\\\)B,p};BABI\%>\9\/\Z.R-%&\kG;\\\qK4<\_54U`0,e\\;\=\$M\;\\\{fY1F\#Y\\v;ck:{|w\\{MpwL2\.*{9]M\\\w\u\?\{-b1\g\Coz}w\\r\\\Gc\O<5\Z_o\\iR\*G9k?M%\\d\P0NTvks|8I@\1P	JC\Z\J]<xry\\O\M\<i`,G\P%eq?CQ*Q\iN	A\1v\PJr.u8\\0\\>yj\vg$ T\\\\\\3iA\T\_v\v(e\\\ZH)}yvC-\r[\|4Zs\\\]_MT0\8\0\t\KVGbvTRZ\:\\^\\\bw<>A\I\j;m\SUl\\\~\{!*Txs)\r\$NVBP\h:Ws|\8\\Gg3\l\"O\\\o>})\\/eV	]		%#)_\dT@/m5NXk*&+eg}_f\\dEDJ[	,.g%JY\(\nd$L\_h\@\\&U\\\JR\9\n5R	)\\\j\\\g9Mt[T>3T\TX	;_6g\\\\zZ\	\.sD\\\m^Xpg/}\+>y7q\\\\oLv%7\@\\7|~\K\n\\<\\\\\g4h*a2YF\\nl\\>\m\\\n@B\nA.\)wc\SH\\DD\NJ\ty!\Z\VCx94;)\)+\CG\\=\!\\1CP\r\LCR\!m)\\x:<<AN3*\\8\g.}\\K%\se*\nd\NSX	Hi3dT\\./s&f\U\\\T\\2^\a(\;\H8rH\]\\@>\C\ D\|\"CZ\K\w.f\'\#\HU9n[p\j\|\"v<;\\\i\g~\8z:\\0\0 \0IDAT;\q.@\3SNK\)N\\\?WU&\S\\GN%8tZ\Z+%x#~]\Z%\J\A=n\\\Q\\Z`<1B<N\)F)}=RRm9\'R*RM\"kk\%*nwa\S \+k\eV*\}4.1\\"\\\Y\RMo\\\\N&\\7\-c \\W~/\~z5n\g\a;S2\(R\ZRy_\IiA;K*\8Pgo4;8\A2LL\n9L\"RJ	qu6*\Q1gR\xss\?	_M\g\~\\\\R)\\eRP	9Eb9*q}rvBG\+\\`cE\XI\)\\xD6+\;/#\	:\~	}\RY/\7\r\\\K+\gV_\rQV,\nI@iKI\{9\L\q@\=\\}EL]IT9TMy/\\;hV\ZN\!re\\%.,:.=\\\'\'=rh?\\\0~::B\\\:\AE};qR\ZJ`\vI:/x\\@\MH4#xS\cv	b4|PcK\Tc4XmXX*\\ya$Pq\!jyC8\'\nN:*\j\LR\x\\\\\\\8\\\w\oz\\\o]1\y\\]#K[\IO[WX7\\P\R \E\\2f<B\J\^[f$+C\j\4(\G%I\\\^$4kSx_Y\'B\/\sq\Ri.U5\/\\\N\\\bb\s)\W\rrE\\.A&u0WKSxo\\'F\\\/CQ,\\ed\BJ?A\\\x\l;O}U;w\_\<NJ	T\C\K`$\\\-\qd0?rxNJ&>Pv\*\?y(r\\\4cS\" <G+8^\\<\.?\%}\\\\hW9\_{\w\;`\+xPJwH,\k{A|C!\AOJ|qP\\\E}\\{\\n\\\\\\O:\\Z4\#\~SAJ%\'\y\9x2g+k<:<i-q\\E\\6\o\\yt\\c+\\+\\#\kWuc\0\|\*\C\\j`e\qF;[(\rz:\n\N\R\vJNe\bGR[\tOu:\0Z-\+SY\2\h\\+7;\\P9!bM\c\R)y	\"x\o\Q{!\<<.zt\f2;i\_;9\8\|NeBW=\8\!\{V\)tB9y\2\\v\g\\\e\o&/8\\vSh@3N2e#!d_EB\r~RV\\K1eCR$TJs^9/\(\wq8/}/HZ[.\\\\>\yN	)K]\\(\"R>8kQ\S\8\\zpE\k\Z\\G\(\>\\a^;\{y|\"b4QT}c}YX)E\)\7xw\:ql\Xs%e@\\U*z{I8\y\\\\T1c\[r\{\\\\}h\_\\\o\=e/x\U\c,\01cn\Z\V)\\\A	\n\\of#S,Q\&RG\]NP\A\Z|))yMV/1ef\Z\Z}S\\`r	g{G#\Pg\\mV\\8\\\!20\Z\wop\f)#}\J\sy\0NH\\\\\i\reZR\2Y\\i\vWY; \(w\o8RN\\"\:\E8D \M(VeV\ZW^$\\rJ\F\U*F\\_#\my6\.}\3}\|\\g\r~]\\0\l\aCG(_\g@d\kI\\\|[\h\[T>\\e	\d8`e,\`J>|\rJmK\r\|WB\AUsdm\x\\\X\x0lU&nHJ	b\@Yeq\\\uG\1\<\z\8=\ZV,;a\8\Z?\\\\7W\\r\i\\w}?O\\\\Zc \s|\2\\9\r,\|\\D\$c% \R\\pYI\!$2%UJc9\dJ\\zS?\:^=\Xe/\ *xW\XB\+\iL\B\\q$L?Xrx \}~\8a\;\dM4ApdDZ)\AoR\Z\xQ*,QTS9J\NK	B\J\R[dV\e\\#/S\4B\\AP!Gx2x,K4\\'MnX6\\rR\O\\g\\`R/2R\Am:\Ah\\</~\o\W\\\\\\7\aS\'oy\q\7_\.\\r\F^+:\"pvt/\u\[%u\;E`0\7\|\\kfeZ\3eAQ\E\oQU\\b2RMf\$\),T\pb\X\rB\([,T1qB%%w\N\u.W%\n[::\\\\+T\\73\_\{\c\\\\\^c*2\d\Cqh \`B\?HJg\nRn#BA\:eQ<I\\b\q\R\/:XiGI<]*\\o\\bsT\\vWB#8\Z\j*0Q\ r0]K\Z\\\2vFq9hn\AH\\\8U\Z\\^k~)/=5;^Nby9Ry\\0$:2Q*N	K`!%s\7\2H*^N,r\P`mCe\39/:O\,4\}ET\ M\I\]k\'PLp4Ok \A)Z\'qA\8\=%\n)\k\\"x\&s\h\2*zT\\W3_(n\\/,^\\$\\\\G?S?\>\{?>~\\FM~\	_\x\8/^R\"\Ox\\A-[\~\A\\\\0q&\\}	\ZN\\\A!\;tGxllOI\sd\g\\\n)pr8\8\\\)\( +Le\NM|	`j\\r\57\\,\+36f}\\'>\\\<\\~7\\~\?|\.\c0{\q::\nU$\A<\\eiV\\\\G\\Ml3 \\b.GiN\\\F AEx\,L2L\\,3\t\ZT~&n\O\\\\lNp\\rG3\\f%\W%sDp\\4LeGDUf\\Tr]\BIv\tB\S8pdBxW*\\xd-AMR	B\\vI\$0kY*.\y\\pAd:JB\5TyttYYDe3gj\\Z_ze\\,\!x|?	-\$\82\\,\n/%SD:\\a<6\lm\vqc39un\Gu7<q\<\9w\q\\{R\\\\\\$r\z=ue\0\Z2\Z\\\\\?-vM\\A\fl\"l*O]\B)\\\Z\5\\\7:\@Fg\"R\h1qJ\\9\gTsy\\aZ1\9\'>HI IhlQWiL\\\\||\\7\\\'<\/_\\\\;mw1\X\0b$\}b>\A]Cs\"L%3\-+J\Gi:R\\x\uSb7F\*w6?w)]FR\p\K\ooxqUv\VD\Q\\ht]BQ1\\\,e6\\V\	\\QS+,H_AUG*_2_\p+\\sdZB\\'\A	R\	D\\\J\M6e\" ^(NPc\7;J\>~x\5]	@+\BL \\\\EKBJ\!gh)\\K\\*\-6\F:er\k7>\U\\0IaC%\}\RgLzBR)	2rnM+/^\xp\Kd}t\\>\\MbmX\Oo\I*\}\\`\e\]^!7I\		!3)4\p\86ihM\>`\\=S\i\O\=e0h\z\\\g\\P\\:U\g!D32/y\6~x|`>_UUb!V$sCX)`>\umD\\@:\\0\eW\FYI\\\\\f\s\\s~.<\r\\\{\\\{W\\\\\v7\@#\791J)J\\+m\t1`\;E?lz_\rj.\r\\	K\\"td6*\j\0re\k=\'W=Ie\#F\\\R3\n$\DNEQ\\\\"%YYcT\EF\9\>Au#woOOoB\\$3}$*#MBs	:X\nq4UH\\#1QYv{3\&.R|y\lt-Zv\~\%\R\rUuh$\Z=(\:\/+E\\\	\PF&\\ZJoIP\\.\\\'C,:\rF	D41*,R\\AY^\Jv%y_\<\\~k9\\o\Y=[B-@P@`JAb08)1`J18\`);\J\\\8!v*B0!BBj\'^~\}w:\\a\k(J\Uu\>\\\r=*/\EEK\\W\Vyf?\\}v7\HuBn;o{;>m\?_\\-?$,r\"X\i\I\\)\;4\\nR%K\to	d0dH\pV\\\QK\\9x\0\g2\\\*\r]\}\\?S?\\r!{8\\;\]\\\e_\>\OtCk}NTUi$a1vXWM\\\?\\\q\rOS{R\;O#UH8\gnu!\\X\X7%uO\ro+\;EF\b\v\(T\\0\\\r{\rd\\Zg*\9:q\}\K\Gv\}\_\k\\\\N\Z\z5\0Y\\,mL-i|1S\"@U\<,\\T7G9\E6-8am$Z@qr\ \`JF\J//P\K3[\\gn&/.\n\Bi|\W\xna&\\D\DY\y\!\\`\3\:\561\rYeR.q\\\{	\n`\Yt5\1v\$d\k\h\<I3fQ~5.c@\\F/YE`R5\%4&+\FO\WN\\'76C&_r,`\9Q<LqX\J\P>E\0ae\A\b\*\\\[\P\->J\\\0*\\Y\\\\\G\\\\\?y4\\MwCm\BP\.A\Z\\2\!\HW\f5Ht&\Y\FTK%SC,XzQj1*c]%xF\Q\\\Jw1#ZbR\\0\o\\,^\7{\w6/g\\\\{\~$\\|\\]\\w7u\w\%\}w>O\\\W\\tuG\8:RGvv&\]\\x7	{g6J:\J8!t`Be)[\LI>R\SZK+GvIx\\0\\Zvj\m\z\\\oh\'?[\\rg\r@\4:J\doy~Y\,\,J3XaB&\\".\k!DR\k;w`\W-sbDl\TH+\^o\siqMH7\l\(\v\$8.%r9gI\W\w\r\\%\N\=S*\'[&AK.12zxznW\\K\"9\'\\ef.3u\{%\7g\=\r\G\c\n$F\%;\R\q\7)}\!2c&F\d8*K\Da\ZQd daNF\0RZTLAA0c\E&\))q\ZUk~\\\0\\21g\RA\/\}sb\\\\r\&vv:\\'fBSz\a]2\2\}\\O3BiS\h\dS	&U!xn7z\\\e\\6Z7xYQmT@-TL\Z}%\qiP\)G&\0}o{\\O?m}\s\\[7\<\TU\\f\{Or\{C+\u&M\k?k\kx\ty\6N\;\\\g]iRX\+ku=H\s\\\\\DE\8\\h?F{\K\\\"W\\\0%N\\U:CS\}@o8?4>}\3G-\>x\\yo\_\\.<y\b\O>By8\y\\\wg=k\0?[\{1\\9\4S3\i\Ch\Z\BD\\~B%e\\\FemvN\\ro\\R\<	eY8\\$c	\LKQ$M\WMy\F`7;u7w&a[\$,b1xoJ$\L1 KWyt\ct9\YJH!z\k.\0t*bVb{=PU\\9rr\L\\+)\\01$TUE~eF\\H-#FqAAI\;*1\0	]E\Z1\;o\d\\\\Dt\'\|[J\H\\\1\(\Z\\\\@F]I3\S\`*7dl\FP\yCkvo%.\Zp\zv\\#d\b\\?\'6\9\m\=f\3\"	K6F,\l\\D\$|z\\sfAN8X$\fWS&5uhN8K%6\;|9=NC>8ps@o}\^x\a{f@;`\c)\\!EW\"vX0z\!R[.\]\\U_k\\\\\\{\r?r\o:`\W^U>\\Z-(qx\\\WDX|\|E(\ii\^}B\Y~\|\Z=>\'w*cCc\Vqi\\\+\\\\?:>/~C7~\K\O\}k\hZ#\ny/\V_s\}?UO\\'\\\"\Y\z\\0d=\7\\\\\\\\\\\\:I\/\q\\@Ja:Y1\rH,#\L\"i2\'\\"#]d8<[\r\0\0 \0IDAT:].\B\Q\\Xz\\.nI\vIFE}\\8I\\Y\Z\e\\=.\\'FB%K-3{\P@U\CN\\\\'ZjT\#CI\\"nK\\AN\n2ss`K \\\Z\RIt!9a#X1F!r\u;!ZN\\\%\\\x\Rf\\%YZ1Z1Xb?c/z\',x{m		J\=bI]Y4\\( \XSP!	I\Z*n%*UH\b\T;hY\\`\2\$Ls\~?%~\ \\\\:}\8g\\\{n%\r|\	\'M.l\H\%\\8i{\!\\D\\P\IbNxh\'Y*g7<wmxjOWD\J\Z^\1HV\Ax\\8H=8\?\W\q\c \0]e9\\\.\\'~\\yu\/s\'TMDxr@]UHUX!+t]%=+P\tt \\\6)Y~iGW\`\^U5\n:\\\\Qa1\\53\\\L|\`\G\\\_s\\]\\\{\3\\LkjBwx\W^\\\\\-o{\\Oj\\g=\Y\g\\\'\#G\\\gI\^9\OtCb\\'>\\r!9\\D7h\:\B{:0\\\A\\\!q:HJS*Kv\\"{\\|t\0z6\:S\2nY8B\9\e8et&\\\&Gc\d\!6\\\Z:v}\L\\Q\^<1e\*G0_D\tqY\\"Q_1E&6 t\U%G<Y\.g$DM$F\"JRaP\N{>iI\!5\	yahE\\1\\"\\e\n	\=r2Q\D*H\$w\;#)\"V#J\+fv\+BP\@5D!Tg\\\"fV\ML\7\\\\M.T!p\/\\rd6c\"\X\@\ -=}\\'s	5\\k\\"woN\\r\\N2\M8\\"C\\=0c*efd\I\\m*AQ?E-xdk)\\"9eH=3&3t\'D0?40~V*\/-gU\r;{O\bL\Z4\[HPX14\\\(*\gWNN\GTr\ZPJoGNAN0y|\RyBW,\,xu;&S\\.=\\M\\\3fU6C\ra\\'z\:o}#;/\m\zH\\Q \g=W._:\\\\\'>\r\\1\\\P=H<03\8%\']K?\rF\\TK(\&\\\L4fLI2P\\D\V<ON0U!x`\TI*\I\8BNE7 h:)S\\p(\\\\\\8f*\\i=n\61#\\"\nV\\n2&y \%,\31Zj\2,k1A\\n\"\\\\W4	cc\':^,\\\@\Y3\\\C\\hJ61#(\2.ub6zdBL#(F=fN\6r\|\n\lr5<(m\#xe{\"lib\62<9\bR}%g&\L2)^hB3P\Y\\\\hr,\\\$b\]\V\ru\Y\6\\j\>\1\cC:\Dk\|Z(SP\\"\Z1	J\0\ip\\hB\1\d\.pgpRCF_L>hNxrFoV@r$\y\'\9T\e\\n\\\o^\\'\\\G\j*6\'\j<m	2k|\\8s4\*\lz\ \J2*kS1*\g6v^3\~RPD[\')\\\\\6<\XF\cn0,\=u=v\'=yx\m\4\2H\\\\q\|p-w\\\d\g>\\<\\#g=\Y;?G~n3\\}_\u\U\|\\^\\S\:\*s\r\\u\\v\v8\gR*x\(*R\c:R`6hgV\r<0\Z5fjlD.1\N+i\N\s+\ELch,,1\\7U\p\`$\n|\D\;BT\1u\T*\Z\5s2I\E\\g]t\2!e\%+F\"\Q`2\']bZ\0\\r\z\\UME09C0$^a6\c y4Np4\VU|\@B\dT~ UEtt\\-n\%wWwI\\\QJSY\`~Q6\'J\j^\Y\0s%eaKD#y\\ZO%WC\ZZ,T\pZ[QMv&\ta\~\,Vi8	nc6Px\\1\\\nD>S\rODs Jt\8\\\\b/0Gt)ABA#*b\q\7+7k\+AFG)7M\O	]bw\2\xuNx\\\G\\\x_{>XdXOh	%j)\\\@\\jpe#\VNM#\a_N\Qje`eY *E\\{\&J\"f#:9\3wV\$6\\H<_\S79\\\{\1?4peQ$9a\ro~\\\\Cb]xg\r@\\\_}\_\\^y\\{r\r~\7d8>Y\\\K\n0qY@\*qO3pV&flRdEu\\\\Hg\mr\=[DML\'\\F\n\\{\DMs\5E \=1E\!pz*\];x\\=\)4cS\d\\V/|\\\ \Q\\\9\ht	X<e)\\8h1\\k\FL\N\r\Jg\rQ,@2\\\\\\ih\JL\(~],@NbR\6;R*gd3I\e\m\0!V\1v\<.\p)x8fI^\\,2L`Q\\\dPNo\\,\7eN&~L\fA4\ rf\Z!3\9[\]\r]/<8u,&\rW7f\\'\~R|+\Z\l$\'HU]\8`.A5\53\\\<\]\\\\\$3k\C\L\\Q\\F+Ic\&h\R)S\;oHd|+y\\nAiwb\cKU\2\\"nDzhAjt7~[\\\\\K/\_\\_\\toz\,\x2%v\\n\TH\X1\\NA\\v\D8)a26\DA6\\+\]	OC\$%\ale4*\*\#{.%=wu\d\P!X$\M\\\l8^\r\(\\r....\?\w\\??\\g=\Yz\_?g~\k\\\?u\\7C;?\\\{o$.\\\.\)\H\L2N33\L\:>!\6\\\-i\\(gK>\\q\\l(P\<D6	uH.\'lH7\\ZV.R[*NW:j#svL04/ \Qp9(fe/T\sWrbG\rHpL&\DeU\\Fn-Lg\f\",\nRB\\mG\D6\^rz\J\\bD3#9eou4)\/m\wN\cig	\PU\8vg|8)R<\WN!\\rT]DkMc\L\')\\"\M>&R\\}gK%\\n\Y,\+f$1RZ!Py;M\"T\\YN\7|&L+\\\\\O\\h=C\"\MM\\"2As\[c3 \\\'\rr|?^P\H]*U\%/\\\\l7#\n\\\%pP{emFi\ciB.=-f\\4\\CS\\\\"\'rv\\C\\\Y\xk\r\[\ZcCL!\r\xS)\rs\8}W0A^\]\c{ l\j+6e4N;\_C5It1\c$+ $\lRDr|2%\X|\2	Br\yw^\Szt\[\\\\/\+\_\\\\z\\_\tC\\u\\=:gG&\Fe~\\\'{\w?\;\O~\_}W_x\S\\b]LPf\e\:^\\";Mt2=|,+sGFC\QRvja\*v\n\[2x\\!Y\JkL\o\14\\\\\]-y\\'ul9\ZJ(\\	92\\T-q>Q,bhd9W\~l\d*e\_,\SYb3f\I\IPKlX\Yd\\rX\\m\OL\Q1h8\\[a_4S\Af\1\\f*\#\\a,\eKaga0W\\\*U\5\+V^Ep\J\|\P\HVf!pv6)wn4\Mkf!6i+\v*$\nZ\ne]m!C,\\xLP)\g\<F\\Xd\\x\R#L#H\'\0H\\r	)\9N1\XRq2~A2>\)a\\\&8\Z_-qMXK\@\\'%$\'\&\rO\3y(,NlyeK\&`5\"F\RZ\W8\\\#C8\TSLRIz5\n\*\n\n9\r2|5#0ATJ;}N#\\^i!\"\Z/E=\n\Erew[^q?y\:\\\=\\\4\k!g\\"E\K\`J\F<#0c[\SK\"N(V:+\(kT^aG\'Y)U\\\>1,dT#N<;\\\HQ\\`D\96\'5;wW7\unG|\\\;oW\]_S\\\w\g=k\0?\\\\+C\\k\O\\~\o\\\ \q\\\r\W_Ra\\|w>w.*d\\Wqks\\r9\]\\.5\oQ\'\\r]J8\86}z6\(\/\1$s%*\o).q\nVU\=\K\\\"\IJG]\\pcji.\<9\D\%\8T^JiL}u]6z)KCMJ-{/eCY2\\0\[\\]wnpr\\4\L])3-FO.M\mD\\x\E\"s}V B2\<\n013N4xYq+\\\3\r\Qys\n\1pf\x8&u4cRy\p$L\\\9c*\8/%`@ikh\)\\\r9\n\XYi\\\\\x\\VF\E81X&m\!Zd:IF0jr\Zd&\SbHdE*(\\\wE\\\`\`\!R_Wt\\&\f# SrSYO(	S\Z \a]I3\\8u;\u&\0HddJ\Jk\nIf0ZdQy?\h=\|aqd\K\2\\\bb)@q\0\ZQ\FQ\jhMIf~yHr~/p\K|S\y\\w|\=p\\"h\9o\\'\fsjd*\A#Bo8vZ\\\,`\JMS\A\\\'uT7D#\B	B\BD\\"#\ny&bg{\g<{>s5m\>oz\|C\\w\g=k\0\9f&?\\W_Jw>\/v\\\o\\\-]\K12\\H1Hq_N2fr.9m\\f+T8\F;PW\hH,sHY\r\R\\:p\n\,\6\n \r	ZS\I\l\P2\"\'qv\nV9R	\D\\ T+\5bMYQa\$e$&\R%~ \\\NL\\gkZ,\+\#GCbg\NWd\)iY|[3^Z\Z\&\Q_4Qx\YJEK5l]0\2\\\^+\*;M\Nz\8asc\<0\r29Fd\2HW!a/{,\< b>&hmtsS\0\\|\0\\\L8pR\nu\\9|	J=\tJ\\c1R\|E{\\bN<\'Dt\(\'rjanr)A\E\l=dWQ\Enm\^q [@\\C\!+ \%\\r&P~\lcj	u1Y?!Y^u\302Pb E	c\\B>y\#v[f6:L\n<\y\:2\\"7\\=\\gx\}RJ\lx\z\{J\\'^\\\ihE+\1Q\\0.0$c\\0L\\\<yL=1\>!N\OeW\)I1Kal\@cf9NU\i|&$+\btf!X\QG6y;p8d\t\u33;\Op\\\G>\R/xc\r\Po\\\\Y\z\\0d=\=_p\}\\n^\\]b^.-\':?9^~\\\9\"f\EoHJQA0K\{1\\\aQYd\jW>W%]\}\>a\\?8afW|l:7R{Go\4`)Q\\r\\xr\*Y#g\	w\r/4~4\\m\CiM\\--]$aH	z33UsI\\q\RWz\y\14m\V\n22.aZj<emlllpaZ\\\CTpd\	{M\\*\X\k6Od:*uwB3_`\<.?1gb%n\P\&\3~\:g4\'\rv8d\XNs5\r$IdxL%[\\uQ\Sby\4.\\`&UVB_e\\I\v_=p\En|L\4>,`\#C\\\0+\\?;U\]\ Ht!\'\t[\sr@r\\\\\]c$^Fvg/\\\\\\[|?\J&u&8`z~~y:\p\</|?\G9\ao\x\n\87H\\ne\L=4.\EFIy\c)\\ZGI1u0/w\r\\\\4aw\Z\gZ\!\8\}ajuC\\\DN\q~Oy\9\/\\WznoK?}\\~;\z5\0#8__{I1\\\\\;{G>\\\\q\\]\)&,\'\\CA%TW]NsKRF\\'\n%\K.QT+\2\X\`4c\\b/8\9\>\[*\W32>U\+b:T$xr\e\0\0 \0IDAT_\u:\I&H\\\\0f\qjU;UH8\\\7#\"RJ_GE9Xde_bhk\Pk\\"\ZK\e\ z\M8!#\rUS5J\bJP9\{\\JpvR\;6y\r*FiUYivs:!,d\"\}8Lj#\\\Iw\\0mH13\`8OJ0X\~\\O\!;U@G\x)3uF\q#q$\6Pq%\\g8g)\\(Q\\y(*$|f@D<=\/p`Ff8	%b8Fr*!\\\[Q$q\"\\/=.=L\\!\"\'P7c+,\ts<++\c\HYsNk\'6JDOKFsXg\\zo\0\*\\\\?j\KWv\'\WnH6\{\\\s\QH\d\H\&>W\lK\\nqN\"\']:t^>Q#8%8\.3\\\^Wsz/!3\ D\Wy\I@+O]FS\\\D\\\br\\N\\\'.E\\~#\`\\K\oo>]]g=\Y?\"\/ou\k\oCc\\0j\\>Lp>\\\)\xZJj\WU*:\\svA\p\Wt\l\#J18\X\=&$\5\@<\{3F\\u\\R-LN	\2\\r8 v\	\\T\AP[O+I\FeV\55\+:e\]LxYp\V\\r\\"8E9\\";z`pwH\\,\\\*\\\n+}=#@G0\\ZOb/.\\\q2>sXJ\nQ&\&V\f>e\5nN\.\HdK>\I\$x\"d4eR\Z8l;}$EJDI\Uffr+\\\.\F3!X2i\z_5[IFJV\s6j{7 \\ts^}.\+by\/J-e\\-]0\i\Q%SO\KB\"<\\r<.\-=\\\6\\n=42\\!4sL\q4@u\)]\\G\U\\L\\\P~\?8\\\\/\dJ\+\D\)\H9&\X\BYX\s\iCCb\(\hs\Z\C\-D\,D-iN\p*C\\K \P{aR\z\xtp\\m<@\*]{\DJ;\\Xh\al\xE\9[0U\\\5\qh-`\_v\\\\w7\\\\\\\y=\Y\\Z;4\g~ <\S\\W\]x\\\.~9?a6V\+|5$\\H\><\\\{*A)\\\\+s%	h\i@Z!\\eD\"\e\-Jnp.\-\Zq*\\P$G\Z4\	h\)\aFk\2\nKSr\\\xDfu\r/\f\cC4^n\f\+6qx!ya;	ThQG!4&d\!#\bL.\\\"\11h%#	\ht4u]X)_Z\\\\\\,*e<b:,Oc_\\32>hH\s#XG\*JcEc?*1w%K\\c|oDLxq-=\'$\\hx\Zra\\\mIV\\2n\\U	9Tb\A+W\\\\`+\Bi\\\ZO0i\\\-r#^V\\\G>\\&,h\\G9l&!.KK%$$\\?e\\ki]zcV`Bt\JLl:\V\\Li\:(;{5\(\\\01Fj\&Y}S	i\\r~BR\{\k\\f-/_vsub\\\SdJ,W`L\`\`x|]\R;\3M&%Gm\\>\\\v(c\s!9*q|f\.x9	7{\c\w}~\\\\[}Q\\v-\-$?\0\ Ba<D\=\0#b\ [m\Z\nWw=\u\V\W\\9g\o\sN\\{<\XR(#2#y\\~\E\Z\,V\\r\q\\LU\D\uw}N\b==*Q{\Y\b\\8_\%gk\\|\\\?\?c\un\;>}..\\L\\5y\"zQ\NROR\a1D4\\ji\rHvf^\B`dU4\HN]j\U\Z{v>mZ/R2%_1C@s&\(\A\\\\eh`T%\H_][ R\\\@q\\rF5f+Tl)\\y7E\NGbe\\zgEe\\zXLY\n\b$v#	\&3\\\8l\`E=HH47TEX\U3Ck!06fB5BFA-1\MU9\iJoc\\\\(JO`O\Z82\nJQ+\2SD7\\OhNd!$$)mI$ \Y)bR/\\\Z%.64PWq\WD0Qu\LXVS0{iam\blZ(dP(\CCD\\Z\Z\\\eq2\\2 X\\+(e\M_\HX+6)8\\t|p\\"\iMh_\f\\ZCo\fLlB8eOQh*n\"\"S\\\Z\R\AN\\^R=f\<W_x\r\>ao?\HJtj\:a(\\H%Q\\\fTMv(]\Ke6\\rif]\\\\j\X%\\\\\\a\nVJ\"}]h$TbRTh\"R\CD4\nme\u\g_I<^o9W~!}\?\{<{\unO\\\^\\^G_\W~\f\K\O|\5AU\"\\\ \7q\Utv\'R~wc\@,%\\`)\8\\s4!\I\0aW\)*(8w\u,4*[\#5g\!o\tN\n%\V+Tt\\Pe=dT>\0Q9&\\\r\r\\Zbk\]y.p/E\u\\\x\+>m3\p\E]\\\.XnYi!fr \q\\E0xc\=\cP\\F)>,2\d\V,fVZ7\%T5 AS\KcK\]\rf;	BG\\"\\%;4AO\\rw8%*\\~ng|P\\B2&\@\Z\+;\rZ\BCAZ}\pF\{\>\nl}#!\\HC5%&5[hG@,<\O#\z&OU\\R\r\ZZ3u\R$;Fb\X\zr>6o!Kn\5oL?\FXKC\\\\x/^\ZJwAA|\T;uGt\6!1\n\'\o,NpVF\PH\ad\Q`\\Zc\\X\\\\r|\d\\{a9*6VPH@\&7p\>/dfe.U\g;\ZO\[6[N\e\\\R\\8(idZ\ho\\\HGkn\\"\']\7.=^Os\\/xqUk\\\o_y\'\\\]\4\\\\\>x\]\q\5^hri\\u\"\F-\fB+d\L/\N\QV&npX28e\6n.J\0#T\05i\\S!1&1(cfT!\9=\d3V\r%7$B\%\i\}\m&\2&0\J\#5XmMc8\\\\@r\(\n}Rf!J}\\\}\f#\C\DDc\EiI\^gftSdQ[n6J\I\"\f0Q\%\Ij!h&Sp\3JbV31}K\\\H\\pWGNB#P9\Z\x#a\-N\\Y\n5W\F\\nF\JFJA\\\0^9\	\&\)\%\brwQU\Okmb\\z\'\\a\dwMUP,\\\"h3GTX}\\\,$5\)\-\\O-q\x\\Vp\{\Xb,p1TNl\UnMEh(/!R0k\\\%{\]\46t\\rX\\L/\/K9\\8M\r,\89^2x\\L\<p\\\fJ:RV*\j\<[oYu\zw{>\"\Z~fXlB\:\?G\Tc]\b\\f#m\\;m\>7<\f>0\\\H)E\\\| .n>\T\\c\#\\ro)2_$\3~\\c\z\7~w?\l\\\o\\]\r`wf_\\\/N1SfBJf\\uO\'vm\r\)\nE|^K hU7U\X	\tCWUMn^ZBw\v4`\+F\\S\\y\\=)T\HN\)\y}?T\b\\n&\\\5{0N\\|}R+k \Zi\\Ji|\%`=V2Vj\\r2\&\5ls\a{]\\,8\\T:\_3^Qac*WYH \)($!B\JRbRyS|f>\J\Ak90dz3R+DGiTf4O\V\_y,\nI\tHQ*Nyjnc:(x{\6\>loI[\u\Q%fT\~U\tLh\9{I#\1\\r&J\{\$j\\\\t\\3qI$`2$H\Z3<\\~;6Gje5!j\4R%/dL+\nS-O\\M`n\\1M!a1YY\\w\:X}J\H\^u`\W\\x,%!#h&Lm\O.\\\rr2r(m&t]\\R=\\8\/\]\"5\"*XHk\n h$q]7VIeB^lx8yr5A..}~\AS`\cJ\\x-3./*\"N\"p\\-Kd9#Fxpw\\\=\\\\\?\s\\\\9W\lw\un\m)Y>\\o\\n\V\BP\DJ\\\Spj<\\"=%1\VXg\\fwiM\QQ\\\Zc<_yXA<\0\Y\#\<2\)[\^,Sk8@_]8U\"\\\HwB/VlGQ~3fU(~sf\\c\k\rilV0Vc=To]D a\.G^Y<^%\v\J*DnNAS\.pE**]CTPUrU\4\Y\r~r9`$DW\\s0u\Z\4JfGA[\\?\d\\A-\\*\"E\cnY:$HKv\vzv\\"UB\@-*\efT\(\.p\%\nHL\z\DoTazv`Co1eb\ ?\u*\KRp:\\j[\\s\2\.xDq\"\\ZU3ODaIP\6fDeH4\qh\Juh\Y0ULjUV\\Z\=B\m\"*(h\BT9bUE[KP\`\G\0j>!!i\Ig\IO8(Qvxd\0%ZP\{C|@@\\B\6\n]S$\\>c\"$Q,(\;:WU,;\\E\\\\\\O\|KgVz7\QrA\v&]\ck6a\\'Pe\EEJ F\\\\j\1\\"\Nx|\r\\\~n\\m@>\rk\\8CBbqt~uG\R\\\A@5\"Z\\,iu\\>mSBHT+\qd\\\\\Z x8\-QE<\\\Z\0sJORaR\rU\eZLY\"V)\Zc$\H\\ZsJJX0y]#A\eO\^$\u\_{ZCN\\a5\\3\fC6G/~\'Df)S\z(8MLjaD\#?\\\s\\)[\}\\,<Hu\\^`\\\\)\"\\HUXSB\Z$f(=QD620z\#\\E6\$.\\l?l\PL^\S\ZXM<[/L:	iaz^9Zntg\MuO-9oj\:!\'Q\r(h\")YQ\\Lm\\W\\0WF3\R\\\T?\c\Z3	\\\\)U\_\8]\@FbjZS\R\&b\6+E\\3i,\\\md-V\/{:&_\\\\\\\}e\\q\Gz	IKJUrw)\\n\sIzSy\s>|v\U-)f]`9\HQ\2\Yb5O\g\%J\>9\\o?\q\\.\\z0}	9\\4>p\\\Z\rc\\^yL\\\\-gW|3^{\Ko\\7Y\\\"kUU^_b\w3FFc$\\R\S\|&\\\\]1\6 \v\\~\G\\X\%\\3E54%BD\\-\Zh\Z[\\\%D\\v\\F\SPXjmo-\\_(`\2#!o$j\	\\\F\.uD\\WFG\r\MoH\\l\.\\n\55/9\K\\;*hF\b#e\\\Sz\*\2%RJFb~%T\"w;\\\}I%r\h#e\\P,\cqO(\\\"p5c\s:\\ZEXTVX[%TCs\t lR\\\\'Nc\p\<i\n\\M(;,\\*H\^:\r\\@\\\a\33FA^v:tRWdU\v\nL.Sq\"3gt\Rx:[Q%Dd\r5nur)\\c\X!bTS,$(Q\lb\\\\\\\vbu>\p7	m\r\i9>E\@\9g\Z]\y\CD?\\\\Rypo|>f3\_1\<X$\i\\\w\\o\K0\\\:c;\\pTEC r\\'Xvo=\G\\\\x\#o\\\\|\W\8\\{wXe\\Zb1\ZhhA\\v\Q\;)7\un\miY\\d&\+\\]\\\\?ZSb`&(G\17{UTRPD\"%VB5\\\{{Zc\T\na,\nnM\X5O~.!{###[\8R\Bs\0GN$B)\\@P%-\ Xq\u\0\0 \0IDAT;\c\\\\\\YO,\n\\\U\\\v\}l-Y\Z\HB;Vu{\\\\X-ke.<\T\y;)\~.U$2K\>\w\\"$\?JJp|VOg\-<\m\\,<{rUrqWd\6([m\m\\s+\=&?{\o;\Rw\t*\\\\\<\\\J^]\\dY{\\\u1\r&\C	%\\\\w9\-\\>\w\\c\\'XaC\J\\r~t\\|\\ZE1	\F;H&\i\\\J\H\\\\\\}\\\\"\E\r\!x\ ^jkq\\\\H\p\|x\\]\\\\}<\\Yv\s\ZA]*Y\(u|wA}w\z\Ep}O4\f7\>V[gLb\Zg\qNppp4\\\~	\}\	XeX\rF)Y]\ A8z\\\n\v\u|j\r\\p0\Z1U*yGQ4(dOa\0m\d.!6JA5\K\\\\\\~-c\J:0\\r \ny;`%\\'O\\\ZR1\>$f;)*c)P\HK(pqu]7&43Siu=Hm\Z9\;kT\Sc/8ZeJ2E4P\'Hf\n\B4ceK\n\f\\>e\",\\Y\nxe\qh\J\s2\K%a,\",u E@mIRVsDC\rf\*\Q\pR)\\SKlx%\K\'neL\\\ZNrT\\ \z}yE?	ia\\No?e\\\\Z5\n\QdAWSO7\C <\G.\g \P\#g\6gDz2\LM\_^C\4 \9Te\j;_zZ\Is*F,\-\kc\E\n\ncu#r\nZ\nG\|\GNX.tA\2,\V89\n-#?\f\>7K\<\\Vqp}|\\\'T!SxaP\\Z\^]\\!\NzzN\t(<Yg~\"\E\?8}\\\<x_z	ruP7%\HttFjw]\v\\\i:\/\q\8\\)tb\\hd\@4g\*V5AYCR\\=={tc}U\\/e\B-S2q\0\E7\\m,s.^Z!\.G<8ZH1s\8KD\\)KKiSu\p\hv\@\I-R2M3\Z\\\@\y\O\\\\>wiNJ5U\\\"!v\"U\va ml\\\TO\>6+$U1p!!G\],\*\	p/()T\VY8JyTiF+*pd\(-]]L	vw=\\\'*\I\[O\\+\\]&\/+\\,NfOqk\h+\&3(i@\\0)DJPa\\\s\\3f\'u\\\\\\\#\s\j\r%p\\z;F9SC\M(?)vX\\fI!R!UrMqf\ZLAz\K\!u\\\b\<W=cRxrN\\E \l-\Q\\\\D\\<,\Q26\n\p{\"]\_\mlU\*#=R\uw\'!J<\G}\\o\\>\{\\\o\\Gzj\H<\'G|\:)1\MR\{\/\un\o\W\nx\\\g\+bs!Q\m\@\ds\\\]E	1!xA\r\:be`\!\"z\-\\\n4O\Z.2\h;)\\T\K%\JYc[cjt\\X@)\\%a\QKn%$D\\\|x~r\c\1\Mb\%\@Oxqsjj\\\jT6!2jb\e\?h\\yX\\\r)IlOA^$ycu`\\\\\\nr\\PxWb\\\\"89\8<X\xnY),R`YhgJw\\B\(!IPZ+ND\\/E\\?j;8\\7\~}\\hrwBw\;\\!bvr/\lqo,_Z5\Ls\<\\\agr\O.;/\\;40J`C\"K%iAml\r^O:H$InC=4\tB\DA\d\\\K}\\\e\20l/-%*E\\\r)9;b\\6>\7^\h\,\\Z\l,#bD \?\\b06\r=\\\nT\oH\'O53\D?kFk4\(E;\	G\>\2\\Z~jt\8Gw\?:\\\\^k?7^YZt\Hg	I\i\?@l1[\/\unO_\\\-\"j]@6,21,~\h5jqaj`,ZFRr\'G$1\4\z}6a]+&Z[Bu`a\jC5q\Z\U[\\'UZJswq\rU\ka]\\r\\-\hP\\\rCa\?CUY\X<kAd\T\p&7\\J\A\\\k4kHZa (\fiL?\ZC-ZT\\#Dw\+.n\Q<\\wv\9T\e -f2F.)g\Y}\,(:bzWf8I\+G%\$\V#)Fzf\n\ZM\\\B(U)\"\c7\r:\n\Fw{@\zIP\u~LcRbwtk\\u$\Bs9\}\P@h\Pt\Q\c\\!V\A(rR\r!PK\E\$_A,0l+\\.H\0YA\'\\\\;]Cr9T\u\\9\;:\v\YX=Z_O5\\rZJ	FNLC#W\W\\z59s\\\nH\\a\\D\W,F\|\c\\	j\\hn@.\\\\\O#j\`\[G\:\-\\ZngO\\{o=\+?w_\}~\'/=+i JR\r\.5\\\\o\\]\rh\^o0	\	:B\uRq	\r@!J30-\#\1\\n\"\\\.(b\s\XkJ\P\9\H\nl!:TX\J=7\;GH^yBc\8$3b\a&M >fVnMa7\^W[u\8\zbk_M\r$Q]\SA	\\B\8z &H^D\3\y\B\#t\\9\&xvK\RwEn~$B\x<\B\\\G\GNk.^\/\6\\G!\\h\\\\\\re\z;i{\\2\?\IfvY{\\\:\\B\\7\h\\\\n/\3	\UE5\[w7#\\\E	DN\\\d\;\\Iw\B*3jX[m\W[\Z&n\f\rPp\\&S\ZfS\"\\(jt\\\A7_r\\'\y\=vD\\\"\Fk\'R\IQ\'[H\|ge{:\@R\>R\\r9QWF\Ny\)U*\:\w\{|\/;(i\&\\\ vv\\*\o\\]\rj}Kp~\\\tHBP#$%B?\r&\\X;^\\\\"}G\n\$g+\&^1\Tw\I!b\"\%D]Qku\Bp\-|\3\ Hj\xFD{wV\*\\,\0pq\\"\y\'\f!4\\r\%{\=\B!,{\\\jHf( ;\8\\nFp**Vn)!`	[\"4l)e\\\4z\{\C]Nf\^b5\\\'\c4X\\Yy\j\\\$U\\);\\Gw 5PZdj\8ReM|}XM1m\\\>M\\9\\?\jo\r\N\&:\u\rUs\n\M\Ds\v\\fP\5\\\w\QZ\\tLH\@NkP1\BpO,\\<\R?\\y\?>\'p?<\\n\nU	Z\7\5\(SmvvS{c\Zb[5f\nBlv\Z\n\";Cn4\\" Yl\\"{%Jdv`qtU:Y\\\Wy\]\]>:\\\.R`1\\"wV\vt\#\qj@D\\6i#U\\\Z3M\f7!$$|.E^[C|\ s\S~\/$je,\a!iF\\Fu]`sw|{G]\v\6 Urg\_\r\\0\'uT#C>\t#$\q\\2RelU^\\g3.ED)\\"X\b;\\'bh\\I)=\8\"\gL\\\O\\b7}$\Zcf\N1\<<>a1[k\h\\9F;39-~-\7F#_\\P{0\K{\\%cWw\D]9\\/t\n5<L\\$\=S3#Ss\=\0Vd-B>\8XV>S\\*\\%cP\ngp\\u&\\T%a\\G=.f{Q`&\\\s_.I\&\\B7\'T67\\\zH\r\v&Vbx\8@-s:\r\aA\B2\|\u|\-\F\jfP\5\\kTB~-h\XHB\"_\<(/\\O/2\\5]\n\q\\,+_8Fi5.,FR9 D\@\"\BE&\\Bn\s\uJ-8\2Wd\"\V\n\Q\\\nTkMQ)k9 G x\e\\\\\k\'|u\\=\\Ql\\"*\'*\[=\L5V*\rh&\\\Z\4\\\z$4\nEH,	F\#\w\\\g_z\\<Zr|\h\\\{\+j|\\o\0{{G]\v\6 ~\_\~.y\|\\\\j\B	!\B#]\sm}j\ZS{4k\\Mx\\]bM\fjq!J<\Z\Tu^0\bR\PZ)x\>5&\b\0D59	`SBl)@q\}0^\\d\n;X\0\@\\\l\\U@\\FQMj{-M\\\\Zm_{Xm\8`:$j	\n\C\\0\Z\#3A{bs2f[\rP\'R\}_\#\K!\q\G\;>3O\\\L9N^\n\$5\2&48\\T(RS!Tq!!\w*n\Q\J!#BQZ55\JCkJ,(A\\\\\g\\\n\5 $2q\0l\%^rOntL\{Z\6\qItokLF:\h.\\y|\%\d\~|\wK\+f\\\\v\[/;\<].\@\\\-VD\RP\4coC\r\\\=VX\;p\g+VY\{\\!aRv7m\^\UqdyA\t\l2\n57\*gm),3V\D[F\\\\*65hD\\\&\\\^_xF% \Y3*- u\\\%\\r\\#{[:e\>\Z\\\\\?~\?l\;1)_|?\LY.\r\qgy\|\\n\\\v\\SR]|\\*4$!gc5.\\eQ\)\r1(cqc\;R\\rQa\%%\J\\Pm\K;\\6vCi/r66cx\XA(&P\\GCD HL%\hQ /\\?}\3R\0\Z\H\\Yo6\\\Ox-)#\B\\:%\\rG\?8N6\ -\5&\\D!fPR#&zy01nvJS\ur\Il%PuV1]s0\\w\v\\\P`]\\\0?I\(*\']\^y\E\G\-]u|v\\8L\\'.kTTjp\K\\\L\\bhE6yGq\Uu}\DB\r\bh7R	!!)EHC^6=uT!\1\ \f;~Kg\0nOzx\\\O\Z\ry\\K\F\\ba\8\$\'\)(\\\'2OeE\W\n:o^]j<\`[~z\r\\s\P/Ny\U#\\r\Zu\\ne\2fl\"\\3\9=\'O	\;b|Lb\\7\\a\l\'vClRXZE4]Sp\r>\c|\^:8@?	\P\\\k\94\)\\>\\,+H0\\cgk]n\pHP{w\\N.0u\unO\\\Gjn$\\Y<\\\"\cakC\u\\\!\f\\\\Uc\so\\\	M\\\'ZPK.\t)g\1\U\\nC\cI\X[\\m\`+A9\Pj-\\n\	1a5S5H1\54ZR&\2M\\Z\r+\[\\\\\\r]1\ WeWx]kF>Z\u\s\MOaJU$h2B- (s\-\D#!$\\\rM! \<Pn\\0:(vN\j;d36\\0:.(\']\E\\\>%\\ n(fj\pfN\8=K5xf\0r5\luV\VM^h\\<]<\NU\ZD	I)Y\\Fz-}\\\Nd;\n\+\z\D\w\\\t\Q\hvRYsj\\T+g\\s9fm kU?9\r:.1\+xtF\\\\3\\I&~o\{\\,p\\\.\<0m\^=g>wt[:~\+\\n\Whc\53\o[\Hr\&k!oX.\\m\n;g\\mz\{Z{Mi\\rP\\o\Z\\dj`r\U\\\'\t\\re\Tx\Wo,>uv?w\\\\#~w\n\w\u{7]\v\6 \\D\0/\ZgY\\\\"Q5\X@{JP\"1&kB\(v\NK,M\g/\\\X+MDn\K\[GvDS8G\\nI\--\1)V=$D\\\9t\q\\V]^\'\:\\88B]>Z\\lH>jt=w\Z\JZ\\v8g1c\0\0 \0IDAT>\\<--\i.U\R\\\\\R@\a`\n=9\{\\\L\x\0e5@|8\),R\\\sGs^_\x\\'N\y\+GGK\\,\Tq\\\81\\\*5z$D\n2hm-Ug\\L}\	\qd09\/\6Hk\Za\\\j\Pn\A\ln1B-\Z\Fh(bt\ZXgc\7IUx\\yn79[+|cbe\DKeD^7\hJ\quUys\yg[O/9kJ1ez\V\]\}B\\!\\Z\ri4Ds\\'\W\rk\Z\'N\$_	fo\\\\\:\Z;y\qy\\rj2\O\Zf,bG\Wy\R?>;\^\\\\ey}>CD|\\TYYU56\t7M\@\-\F_,!KHF\Knd5F 3I~0eY6Xla7@q\sUwNY9\\\\9{\qoU-a)v\f\\rgs\\_\+/py4U\>\\\)~XuX\0/\jn}kY_\\\\mr.H\6	\\X.p\7\5)XI\r:\WN)\'\z)]l\Do%m]\@\\"FH\H\'`:\\Hm<)	\f( e\B,j\\WW\9\np+\\Nbz\g\B\:]\ro\=jt)UX\@\\\{g1`b-%Rx\O\)^%\E\\"6DX:B\8)QmMU\+,N=5\"\A\"b$[!D\\c}E\1T6zBfn:~\\rW\pW\v\/aQ{\rT^P\P\\rM\m\\I8m.\5[x2Q)C1,g\E\Ns\}(\:dI\\\H\o\h&P\\0\RR\\%f\G}\y#_\"*\\\'EPX5\nj\\n6\\O9~^\d\8j}L	\\\54G\\/_z\O^q\\\\5\}z^\\5On66nsE\\9\>U{B3M{t\\"+bmSdHq\\\|!1S-\\Lau2m \Ic`orm<F\\B\\kbI\t\\\\\U\HN8\\-~\~\#\\n>	nw~}kZG~\\\S\\0\_\J\\Lq8\\;C\&\\.DnC4U\R.w7,\\\R<dbcR%SJ\ZP+\\"9	;\H\\P\\i8cC*ZZr\0\=\\Z\vw\~\$\A=\D\B>\)Ef|MO5 \,>-l\\E<\\")7!ZB\\jh5@\\\ d*N.Rv\ID@|K\Zeq{IyT4%w!\#\|B\h\'g\\**z\\\e/]./\]rq\sm\Y[/7|\p\VcQy\{\h\A(XH@\'X\\n8;\,fMSJ\FJR`Q<E E\\&\\*5R\-%L&\'L}Kq\\#G!U\\Eq{,\Z_n\@\\\'\N}?2\^\Y5uf\HX R\mGk*G\	F\4yZ/\/6|p\[\\\G|z\f\u\\\\g\8\l~\\Y\\\*\mm\rs&q7claG\%\'Ml	\6rT\]\\Vd;N#A\"M4\[sY\V\iyN\7<z\\_V\GK?/\O\\\\0\3s\}\a&h\\'cpm\P\0 v=1]%R\t\\(\\8446< )n;2y[\tMI !n\\\`X\0i\)\GzK2	L\t\cD#YDK\xf\b\ldH)mnL\l87q)M_[q\N4i\qd;\.9q<nzRn\XozzE\\*\YtiC\\*{65}(b\B\\5XU$ 9\2\>\8\\}8PiqD:\q\\t|t\kN9i<\/Z^<qo\\\\y\\'-_8n9=Dp\\$o?\\'+	\\w4\q\PY\"D#L;k\:;#y\3\\m\Qh\\I;S\qQ\E\\\\<\\\1}f{P>HP\\udJ3U*W7y|\(\Gh_)\\eP\:XY\#TT6\Z7u89\\g)}\\_|\W|`oxr\\\-\C\\	\\\MK\:\d`;a\'[1E\	ls!~ 2w\\tr*|\\"j\j=C^9\r:\gi0\\>FVaCHj0T\\\x\2\Zy\\5v\~<[^]\\\/\y\\?\\~\\\~\r*<\:\0,/,3f\9_98\b,Zm;\\PuXq%\\0\}e)\\\\	u(?SJ.$Ol\I,g9n[|=Z\-\\\^<\t%\\,nK\J!\Ry\\R\0\Y]JGi2MsG\\2g6t2o*\Z\N\3L5$S`)BG\\\\?\x\\'\	)\\5\cG\\%w5=\Xt}OHu6X4\$\yl\eg9\OMQ	\l=A8P[M\,O0gML_\<AU\\y\\\\\v\\T\\]\,o?^w~~\*ByZ(*^x\\\c\\f-?{|\\)\\)ds.LN\\\Z\\n1x,SU\'El~\\\\Ly\n\\\\^8V\\\Wy8r\'6j6|xWuIC\<)VAE8IOQNj<qhVir\t/,x|\\%\~tw|\\r7=~\\\uS\\\coc\"`d<\\\J= >kH!\\\MH9\D&-{`\[}{Rl=*\q#tUg9`B\.)(U\Re*\\\g|E=_-y\\q~~\\_\Oop~x\a\|s\1\O%![2.(S\}M\\>f})>\H2D\N\}X)%b\\XWJ<\\(\HJ\ra\&UKv\ZlR,q\'i+9n2$sv\y\$7l_*\tUv\|+e\g4yT=[q\t\rXBF[F\r\\\<\r#l1J\\\\sC\\Vn=,6)[)!`&tZbY>\qr]qjr!\E}Ce)\\nk!|Yg\S*#aigTbr&	K,p|z%?\N\/-\QK~\\s>Z[UMyU\\hbz^ZN\ZJ*rRn\p(Ti(TK\\0%y\2y99nR\Z\Ym-7a\i*-\DGH#	\*e4^\c\n\1kj<\\\8|,z\j|_r|4c\4@6]a\\K\<$Ol5B\q\nN2\\V5gm\\?w1\kP\ZG\\q\s\\\\r_}\7>\\O\\H\I)\f\]5pVnS4_\iIb3X\Q*GPi,\\n7B\%J\'\\d\:\\\ZU\6<{\I\\"j/xIh\j&T\OjIw|\\/.\G\\|zO\\/]uXu\0 \\/\?\~j\n\*T\mRq8IS\qu\\Mt\8\*H*li^Ov\%o$\\\\D&mf}.\8=NJ\@K1h}E\Q[s(Pg\h_\"\;K:v\g:7L@JL(2T\"\D,66Q\DXB\\-[eIi\\\(\B\Y\\\1\HJ\2]rc*\LK	\,kI\\HTZ!ERbqqx\"\\\\xu\k?mp\\'n5\\>\\lR\r(o7sf\"xK`G*fqJ0O|pc\\K~\\l\rSA\\\8\Z\\\Mj! s0f\@K\ZSO=!\\\\nY4>\6\u.\"YUcP1s\\D0nUME\\32Lrt\\\rZH=\;\c!\u\\\\\>>\ \@\n0m\G\\Ev<w\\sp\\\rn\[\\\G>Z\r\\\zAkE}a9W\GLBD\\fN\@\R(\$\cI\hza\71z\"Xt9y\&2e@V\XvwT\I#\xe#ZhQ\d\kT\\'\i\Z\.pVW{|\B@P9Id6]\5~o\\]~\\|_c\\_k\/\\\0@>\Sk]1\kl\'\0c\\N\Z\\Xe[\T8\M\HC^8\:\Mu\^zrM[2\7v \\v6\`(RbHR,\%W)\K%\\)dJ\N\j&41$`\\xI\c\#[1)\\\FE\PxNu\"8xc\\\\yG\Y7eeiC\=g9w\\e6[\lQ75]\0tDt\\KUY(gk<\u$Q\1\"=1Q3\Z7CqJDz,\@vjJb#5E\I1\cs\f\~\zLn|M\\Z8:\\W16\X\D,\Z6\,\\gN\"Q-\Z\\nO\Eoq*(S\\"\0\a\U%\"kkh\\r<\Z]L>.8\1\(\p}.\k#HDSW\\+\B\U6\F60L1$\J`(_/9j+\RQ\ri\"9J\*f-\'W\|ky|\\+~\k\\uL\\y\<2f=q\\)\GD;hyzR\\\Xr:(du	2L81|.F\4b1}1h\0s\Q\yL	\<\X\m$\ZQ*r}9	O\'C,\y%\1oAIdG|\\.7}dWO\Zo\BZJjY\\TGgrAi\;a\+n[Nx\\\?[G\\0\\)XuX\0\\?\kC*6w*Z-\0S\c=	+o.{EP\V>[j\<ZN0?U%#xHLh\rP\voK^\uzZ9pe&[V%G\&\=\L\\$5oM/XU_\Z	\\\7\!\L\\{\N=u\99:\\hAj[\\r\G\0e\i\\=@\\0\-$TU$\5pI:sB\\s.Eu9\<Xh\\.e\\0R\\\u2.rVj)M\G4\}\4\\!Ob*\$\Q\A|,z9H\S&[HLm{I2RLW|\h\@\Av\\\\'\Z\m]\rb\\*\\dKo\^u\k\Nyc\!\I/\Z\q\8UBCv\a\\\=kY\]\s\\5&[\\=\H\p\e6\GttaJ<DP1O\q\ze4>Py\M`s\\\&xH\8=\'Mu\\\rG\}\G\r\+\D^;9\\g-+/&\4I\\bI!rO\@!lUQ^lb$\uG\)pU\%X\n9\vG	*^\\{xqV.\\\+\z\W\lZ\!uXu\0 \U\S\y_D\j1Rv\\rRlmG\Q\6o\'8O\\aO=\%wm\'!|\\\H.	m\t\2Uo1|p\0\\8d[z%\a\%%tQ\\\\2\vZO\\Q\Yo\sWzYZ\\\Q\R\\\Ul\"f\c\X.W\\\&_U%u5*;a*2%-\\n\{~\A+k2$Y]\nJC\XX\\n)E\\sPsj\l\\Jz^\\r\'tc\<W;\\T\2E=Eqv\,k;M\(pVZ\\\\x\y\i\H91\ILH\N8T*\\\_O&,@\a\Z\T<Zq	b!\i\`my\"\nV!t\r8\RT?J\4\'k\"H\\X\\%\-H\\7\O^<\\\ng/\\"z	\\MBpJpu?d\ZZ\p:\\\zpyR<^/\\"m\?l}*d\+*}J\x\\y^7|x\\K\89\o\\l\U\\)\	^t{bvF-0?\DG\-\1v*\\yLM\rL[\\r\j+.\\\\\61\\\\.\:<\\\0@>#+Z\\\Z\nwt\lc;w&E\@\\\1\JdC<\/VN\4G\\`6\\7\ao\"\O%c\6\\\PXmPfS27lZy\\z\q2\ IS\&9\%\\*Ux~9#T\_\\(5\R\r\\ZLgg\\g{F>-j\\gH\'\;G\.P\\\B\?xuEd\2JXQ\c!%Bl\"\\qWDP/\r\\?\_>\|\G5\FX\5sxq\_B\$Jq`E\%F(\V5h#\"p)]H\hx0\\2^\\AP<H\n\\zab\nrf\0h\E.g3nr\q5W\$\RioJsh\C\\9\Tqt\Y\\L6\\\_\\\^>sZ%B\8\+WB=}HZ*\uC[BH0$@\%.^E\}\\M F5\d9P\9\\n\Z\#XQ\y\y\[^?Y\K3\Br&Shj0	\0\0 \0IDAT;la]J)\"E\4,qR\nWp@&\JQrK\\O\R1N+\jxu\rc\\5\\\Z\/W/bL?R:\\\\0@y\\\l#I\\(w\c~\"\"0\\#b\\@#\Z!\'$	\jRLV4{]d`\7\\Zh\'\S\#vEv5i\n)L\\S\n=W\\1tl\\L_y\ri\\rl\\Ze\lE\RDmW[;9\B/)%\*)T\r\6\\n\\\=e9\Qd\m\\R&:;%f,@hq\=sO(D%\H*	9J)w&VB\3G\(11\\v+\x\\\;m\j^>\WO\\c\\\|TG-AsQ\=c\\N|-\tvn2jFgA1va\\\Pq0S\`F{/F&9[1$\\D70SI^\8)ro\\z7\\rW$\n\\\\~^\\}Y?\\\'f\\8\t\\\9w\^Yp\nKH\j7g1;aV+\\\j=\.x\5xc\\=sSbT|1#Hbx\p\\'\J[U\+Z\e.f|d\W\Z^l<\\ZrY\0\N\j\IjU8W9\r\1|s\aK\nUu{\\\27u\A]&rGG\\\\Y\[\+\xr\\_\Zs\\'O\:\:\0\_?\I1`)dGR\J!jL&w}\u\\Z\\\\/]\!/`_\]aj\dwf\_QS\tg\9]\I\0\0w7jL\\\%\\@.b\\dj}<1\(%DJ\	t5\9W^x\!\E\#h-\:\\o|>\rv\0n)f\\Q\\j\FZO\"\\'J|\\\ZKB\\Z\U{iy(nz\PxRN\\Fu\ UBEbolu\n*\q\x^<9/\xi\\\W3]<.z%)\~V%*dmE%YSAUZ\&(c\dhL]\vFRL\[\[?^\\\u+2	\nu\jLWl,*{\n\r\\Vq\G\\KJA\+?\\V<	]\\\\$sxc=~rk]WwpYK\]<vu;G\7^=\G~*\l.\\oz.W\/-f\=s\+\*`]\o9\r(u}3qHY\\\)\`Bs\7\\)OCMY\\\U\K}\|\\s\*l9\%Q;iE\\$\&S\X|[#U\T\&1`sue\OFu\\r\Z\h\a\\\r\nuXu\0 \\\"[\U\N0tt[qt\Q\l\t\w\"@l;x\I\!\i@m\0`((v\\:\P\\\UleG,?p\\LJ_\Y\\vFFS\\\n1fz%Dmg3HuY.\\\b1\IA\\\\ra!\DKKmw\\|\3Os>\]\0T(ET=Y]\tQ7\\y\\V\Rg\|q\l\\\q9\8t\\\!>;f\\\e<a\S\\+%V!x\_r65/,xl\\<h\NS1s\0%\'D{\a0|HqTe+\ 0sniKL\ddG\B\@Tmw{\\)\bJQQ	M\+1!\B\\,\&Kabk\*;\c;S\"\r\d\'Z)$\\uh jM-j}\{\~zy|\\\\*\\]q\\]?|*\k\M\8\|\A	\\^\|V\i\XQk\Yb\e~(myy\Vz\UMC\\m\|\%/>-w\~kG\r\Z\qeERM\0\7i\^\)E6$BLt12S7\h\F\~\\LI|AB	yU13C\E\7l\lo\a\a\0\?\\\;\gCL$\\>l=j)d:}\cm\\\:5\o=~kJ\]L\\uD\g;S\rv\0M@N		S[\]!;ze\0L%\ZD\\\\#Z\T;\\fP\0A\l\'&\\|$[k\<iKic@\@\b\'[c!\\neoeT\\,^_\")2+*]2y_\ZR93\\nu\>k$W\\\2+1\\Z\=\\\u\x\\_\/.xhq[s\Jh\\\}\P=>\ZrYhC#kB\&\\2\r\]b:\\-@0#q\\~\\\/x\\"\M\\\J\\2X;.vlC\cb\rf\F>ES\B&&U_7\uq\-\\\wug}}\\j,<!vp\\GNfyK]7\\_rU\ \z*g@@4\[uJUhM`K+\\\\8z`=\; <\$\_^\\`\%\I\\_\90|\\\1\\Vi\4\>&BV\\$#j\I\\\0V\F\oZ:|1\Z\6qe\\)\U\F\\\\\0@Y\])9\=1%\W!	\]~N4EI\+^w\XOmrad/\Jv/v\nfu\$$+`aW-Pvz\\P\\	0\i`\,;Bor\/=H!-\wwux4v]\\1M`J\dg\2HH9\/o\\\t*aVlmS\5{\\rG\e\\\\$<\I\p\\)ifp#\H!\\M\\tk\b\\j{$%Nf- )\\\!scHy?42-\UPs>\"\PQ\ -V\i3-lSI6!\\#;\W=*K\\W\i87\Y\=\^uD\,H\ZPUx\'\+uJ-@ 1di\S\\gB\F}T\gXv%\N((%S\X\\r\\_\\k?E3CLGr\v\n\\V\zOcL\d[_\mOuEHt\&x\@ 	&Zu5\_PO\\G\\G\\\\\\u,bW\\Zx\9>\\\..;\\u\Y]-B\\\22pFeKnU:3.-2EbbSP\E\rm\f\:[JWzr\\\=\-/-<\\n\~ws\L\0\Vb[1L1P6\!Vw	`\L\;B2$:It\\Z \\a\a\0\gj\rw#?o}8Na[\tQiK\b\wF\X\\I\'2I8/	\\H{\1v\461\\c\rZ\\}lL@\\"G\6{1.8-aB}\eGB\Xo)>[Al\d\28J\\A\b|\H[g\>F\'n8b1,E\LE\@R	\~e[BEb\r8+Q\\nQh9{\BqKx\\\\r\|\E%\\rF\p\g&e_LR_=\&Z	K}\s\A-iENG\\d},C\\*\U\\|\\\\+U\9]\>n\(gUH\8\*sEgYaJ\\SlSI%\\H0fN\Qy\\?\\r\W^zW4g\:0JZP1\g,3\K\ZS\s\\\\\\zS\&\Np\:\D\\;**Up\\>\?\\\~\_\\XV\\\\\\l5/#HI\  H\\\#w\9`)_s5.\yR^pmy\\lX\'}\a\u\\nz.7Wd\\3\3UxTN?|B\\]\b\s8Xd\>V3q\r\Sl\\M\R,<M2\X\\w\a\a\?\\\,8\PW\m;\E8\`K:$%k)\ \ZU\\o\\L(\ZS| \NAW\?\w|Dw&5:BrEF/m\1qt\VW#2\Z;Va\g2X\N\vsH\<\\d+\\XZ\0\_LDkT\Ql\+R\Mld\/\2]\\\\V2MQE\r\ns>\\\\\>w\|I/yU\[\g(x(1\Z!vc\\\m\-`~\CGJ1\'\$\*L}\\DDp\\K\\xWe2u\\RF<\\Z.ox\%o?^6<\7&\\\'\2\U$$_\q\!L\r\{hj\"BGRG!\n\eR>+.S\\Zls_{\-\%\\7>\5h\Z\gJ\J.e[O\n9u?-,@,pO2%;\\X\'DX|1w\\eqJ\\z\BJP\Z\:\,$\\\.zw\X$\?\\?:}\\'ln:\Tx\0\PJ2\p*N\5\\UG\r\z,\\n8\+\\5eI9\\\r\_nxJ<\\!o\\\\zVl4eN\$\LX{\Z_\BDT\?mR\\[q\"kGAU>\\\}\qx\\r\!#3?O\:\:L@>k\\\m\\nC\:R,L\Z\c	>r+7!#!7;\\ \ \\}\'N=Wz\}S&\0`wZ1c\r}g`\&f\\o\w\\m8\\\Id\&\r\(>} &\8p{\H\2f !n\\0\@\Rs{\e\'Mv{\'\l2\*\r\\!\0m]\rIVb\r\\n6kb\sRo2hcZ\\HN\R\\2=\E%\DAit\g\d2\zt\~jCGX,2xc#>\\0W8\r,\yv\J\\8\O|\[EU\JH\:4\?GZf$gD $g*\\\q\2EB2V!O0rIp\\-3\o\<X~\o{/|VY\,\@>ZnC&\%\yB#J}\\v:\9\Z8m%l\(.i?\\!q\\\$\\Ux$=s\_UG\?\\?@^jl\2h+\\z*0wJ*\Se\'PFIFc\r+\C\\<sEm\4<X\<\3\W<hx\V\\o<p;\mON5/\b9KtIx^7]\\\M\2M\6N\WW&q\t*|XuXu|\\y\\CzEbJc}rw*s{J\\\'\t2[<\[W\M	v:N~v\v\\ni=-\|gLyJ@,t-\\\fW\"\F<\\n\d2E\r\h\O%\)\df8\Z&/[\\0;\\\:)(d)\"{Gx\\\\Ibs\lB>k\J\h1\\E}E2M\R,]}W&Y2|8Xxt%\\\x\9\dk\+W\i\\^;\}Q4\0\F2\y\U\x\Z\X\G\5\|r\\\^\\y\%BUau\\r\\yWh5\'*;B?JDLI\"9G^6)p\\\HOzK\#j\\;>z\O\\\\hV\4Br~/\r\%ocwO,\\nG\"&\\\\O.6x\Y\\\\SY\'\y\\Ad\r\\\-OCDg.\Z]\+\\9j\hD}ovt/\;vq\\G3^~M\$\t\\k\V;u\n\r?\\Z\Z\"Zj9u\\3\sTU,g\+s,c\\M\MH\\=\\<X&V\\z^!JW)&&(xj\z\\e\>5f\9fx}A\\M\[O\\arXuX\0Y]\\\^Jc\|\@Xd+?N\Z\q{E>(=)Mh\S{<`x\qz\}O!0\0;\)D.e/\\{w\gk\wZ\r,am{j\&{Iv\Z\\8\^Sz\\u\9\y\l\n~\PLF+\T\ k\Zc@\G\]\P\1u\J\\n\KKwYr@c\\|\?[1G\pfx\PU5V\\xntzd4{$;P*\kJC\"\'>&\!\n\'\\rW||\\5\\\n UuK\j\\$QB$\@]I\"O\(oL\adUAq6dOB\Ra\x\K>Y3U5TU9r+\Zf\o\\+x^u\\|^D\Edm\e\\\\,f7X\n\2\\j\;o_\E2\\5Bl\TQrw\5\C\Zu\NiD<M\I%2S\WnU\\[_\\Q\	7-GLL76\0O@QLdsL=LnN\na.p\S\9jn7`cNP\>`\u\u`s.\y\\R\\'&8_\$I<@OS\a\fThle\T(D>]u\\a\u`N\n#\&\MS\nX\2X$l\_HJ\OK[N2)\\\'\'5q\Z\}s\\m(l)_L\Y\\_\g)[\n\\]|\=E\8LbDw\LX;&!L\\HH\r)2\8a\l)r\tD<\rE\|=\07tD\\S7\bn_\GU_@r\\T0\:-T*\\8\\J?;\i,JP	\\Q\Kg5\\6l\J<n9=\\&rB5]\r}p0	JE<?\DJe%YA\&\\,7\\7t\U8*^:#/3kS;\V\uu\Q\ls\Aa\\\bD-QBM\b<^\r\^\\\{P@\x\\ahGOqDRmx\,D$\H\w8*BO$eG\.e\@W\)&>\2D\\S\Bn;\\h>I)}\j\\\\A\n\c7Mya~\\n\M\\\q\\o_\KC\W|eM\`$\\db\\rb\+\JV<XuXu\0 \"[ZT\\]\QW\}\\\\R3!,R!)nX \6u:\`GdG1Il\n\a,x\'I\\\\`C\\h\1\{\\yj\4\x\SfO\r}pc\m\ hM\wg$\\_\|s\Q\ZU\\Ls\M\o\8~{\0\0 \0IDATJgQR\nRI\\\\ru\Q6($#d	`M\\\<\'8\){\s\w\\\o\\\m\8\!!6)1(\" <XBBB<!x\\\@\\\Lvb\\\v\\9\\\V]\<\Yj\v\\\\ZG[|\^VYU\?\W\=\(y|zqO*\a\\h\r{#Je	|xbC\D2bM\\I#lej*yqT\r\\\r\q#GY8qJ=eDb	\\h3rF\\23pu\,oVG\\r\\\\\!\Y4u\\\\n\yFAi(&\ZA}Hh\Z}\ZoiRl#\eVF E;{<3J\,\nI\*:\\\0D[8x\^DY#\Z\\4Lix1bPa\G\F\\|\>X\\l,+,=\M7v\\rQXO\v\H\\Z\2VD\\\ J0{\$!\\>\0\{:\}\/>/Y_^,}Sa(\KwsOcRi:lWT|4a\t.DR\+=7\QUdf5P\!C\0\IN!m*G\z$I\%#V\\0E\T[[:\=,\"\s4\q$Y\\\{\/X\7`C	 &06/\|\:*\Zd+ke;e.I\\hGeL\r6\r\\rj\r74>$E\=b4\1qn=85\y&\APu<hx\\Z\V+\ZC=%(,\Do\z7^1g\1j;b\,\}\E~&/\//,g\Ys,\pr\ \Y\8,\\4 6\!p\,6\Z\\0Ko>\W\\\\>\\\\r<8r\<\kpZC4[lW\\q\\8zd\\\r[4\\\]\:qij@yxtgTD\a5\lN$\nnH\r\^O<`\\9-s>Jk0U]Qz\\p(\\08.\sM5B\\1>Oq\Z6 \1\\5t]\S!V +?\c\\|OG\e\6\\nX\?dD -\CEB\Y\\\r\Av@}O~%\\DY}\!R\\\[\RaN2\ZNbA\'\!ly\po\y\)|)\'\\Dd\\XunS\;\z\3Jf\\1\\\!b\O89\\\Dk\Fg35\\gq+x\\\{s\2|\|rSD&oe\\~\?cMI,i\*\`\+\P#X	5&\r\ZJR!:x\\(A\\"\tYp\`\9o\)2\bfqfJA \\Ei_<wn|,wcQ\\\q^\\5o~\\\\wO\n2cR9\aA\2k|\l_\<9+9\,d9\|H> Afy{Hd*>B\0~\KEQ7\(mH-r\\\ZW\vV\`Tw\F\E&v52NL\N){y\\|Cx\B\\\\,f\C\n\'\X^>\\\re.\\U#\tDG\3EB\>}\\|\?\77Q\\?K[R\\L;\\pwP\H\3\\n\nUTNB]r>\\\t;|\\F\(9[\\%{7QC+\6\-IU2\xH/^\o\4f@8w<0\QrUoQ9$2y_R\X\uG%\\Nxp,16qS444UMKRqn3\%bB\zQf9Kg@]^V\\>\.O\x1X7O,gFDG\R\\mk=D=\Z5.}\n&\\pRD=&``pi:?SR\0\r\\/Vk>\\Y\|`\iq	\afx \\\qxk\r\pNp<0//wU5|q~v\O|\!?\_\!bY1cn-ZY.\G\r\w\<e;\\\;k|\\S^7\\hj$Vxb:s}\K\a!-\eYs\\;q\\\\9\\'\"_/R1X\`\Sph\r\f\\J\b\\?>\\\\Zg\r\\7U\\\2\<\u\&\Z:n&L7wM#Zy$i4%{}\c@\\_y\\\\+BS\'`BHI\\K$U%)\LJ8m+^\=[\"\dG$O059~\g!m1=\\\Cg^m\2\\#\P7Ild[^k\$2\nU[G}.\P\S\]e+9vwLOTK\qVt\T\r=\\\z=V>W\\}\"\Z\\'C\j	&SKkbe\&q,\(\z\ys:gU\r6U\C2\nft\:J\h\\\\Q54F\\5q:VOg -RD \4Ti\\\\s\4Tu\\\\r_s\Z\r[9X\xNa	ZHi2gi\rk\$`s\+9\\\y\\k\7Te7x\\2JG\\<\/\/>\\\~\Z,NX\2^1?\~\_\\'?{EN\\\\\EE7]j*T\m5T[|u\-)9W[\(K4(L\aT\\\\\\q\zt] \\Xj	|9jV>0X\|xvg,ws\\\.x\\\<\\\nl\<DU0\\j\o>=\0~c\4F\\1b89L\VC#\i\"=8:\0\ Aa\DdX\cYFrn=\z\!\a\\d\\\@{<\.\l\Sc}	\M\sv\\fVk=MG<\V^\$e\=>i\\\\Lye4\{#a%34\\urIZwC\\KD!8rh\Zvt3\&\"4(\^\\,\K\{/\<:[Q{\|>b\I\D|M;\o\c\\ncj \NNNk>^\$bS0C8cEi&C0=\I;SD{\*T\n&*=h\Q5[\\r\\\n^]U\3se&,g0Y\am9\E_1\O\k`O^\\\\Vhm	MCYW7\+>xzEP\Sp`PC0x\\\\f%i\x	p\\Zk{Ee$K2y\\	BC\46#I\F\\\>~\0\D\t7\XN+:\\\\2/ S\G\\a2\N(\\g\\nc\\\7\:X\e\\\,B5J*	JPHx((\}II\r\3W\c\\|\\\/\'\e\#|\+$\\\rc]\M\\n,u\K;c,\!2T^R\\0U\rc\"r\`Gn\\P?jCW~C}> rqXDM/nl<\\_[\\\\0\b(/Kf6$\Wbo!.b\3\\nj:\F\6`\\\PBt4\-\9 \`xMUq]1|0^#Ay\\dD18!\\R7\:\*>\P\}2 \L\rcm[\\h1q\+4\r^BP\}\\2\`0|\\3\\\\@&J\\-cD6\\`\}cy<\\_p}\pg\X1M\\M77+\+fn\Ap\&v6R\0/\\U\pVpKcw\mKS.^G\Mr\!(2\v7,z\HU\6\\:8Hh()P#s\x\M6\rAs_p\\5\r\4\\\\r\\\ns\\4\\G\JC\r\\Xft?w\_y\\/}?{\0\\\o:kz\I\b\YL01$+\nj2H@\rm\"y\S0\lh\3v\)o^\tK:gxi\\\\:\Z\LvM\@]>9cK8%\\u\\\I_EX*hr% C t $\3\gL\\\ct\0T5\1\\>,y>\\sV>pYV\\TX\0.#~&vIdzy\\\5\\H\nx|\\e{]KfI\\\3&\rw\\[ J\"\c{\r\\4\W\\\g|\O.gd\\JVf\\e\\Yf\nhJ\\+~\\<*{\\QyNY\5,\\\WqlY,`#i\F50khuFw1Qc\\x*\/\I]FJtC]| 5\+\$K=fu\05\J2^j\\dr)r1\n\`W9\\\ZG\Y\\5e\ZhaYp6\\<\^\8\\$dU\6,\'\xZUF8`\\Q<\=\0\\?\0\\rc->LM\r|r\uI\q3\\V\6aA\\\{SdYxGta\LfJF/-\g\m\w>a4v5Qc\\fu\1\\\\L\eGg\"61\\v*Y\!]1k\I*$-=u@\F\\pfDvhHbK\1\Q6U&%$.GIY!xB\(*oI?uImkVk+\"\r\;s\znMLkXZCa-\n7dx	\"HFc]=#&\i\\2T\\a\P\+\\k\.\7s\q\Ew|-\5aU*\ \0sPgOYWU	.Y\SUk\lH\[cA	US\45sST>r844\Z5dd\\Z\$\\s^2\\Z\=\\r\C\-\J\\\\\Zx(x\\7^\\|\w8+^>:_qQC5\\o\N1\^s?\n\Zcf<RPy\\>?\'_/_\/=\0\\?\o\?_\~iX\36&!%GoA\-\\r(ik<GU\\OaD!dj\2l\yyuFx)\\c#6nF9cH1jt	\\w~n*2\\I \x\\\\r\!e\o\n\$s\\\\:\(\k,MP\R\nG\\qH\Zg^NzE\-\\\\\K\\"h\5\r\\<\r\\Y6u\\rZ[\FAC5=Sm\'N\b\56\ze\\LCKJ\n[g\<Z\KgYKNf\B\\\!\\p0_\t^@3;X.WxW\%WP\'x\u\%1\F\CY\\\Wjs^^XBn.\\FdS\	\IzTZ^\\x:\\\%2qTb\U\\Z>+~H\r<g<hj6\6\\u\[\s\o\\\\Pa\w\:\9o.\8Od3s	ob	<q4}\\>\\\\#7>%#yj$t\\v)P\\\U\D,lL$\|E\Uo	L\=,U\\wa\\D\';\nn\\NL\r)6cLb*%\Hw#L9+Q&\\Z1z\r\W\\TFd}k(w\$l+Xc4M<\d\qZ\g\\0\\^\nFa4e\g%||\-\/\nf6\ZPMde\LNQ\A]K\tl>l9cu\x2!\:U\\s#PXo\\_\=qt0\SN9bf6r\Z-Y%\\\XW%\\\\Co<x\ \\i;\\[vcI\\ \u\\q9\HVvR\/v9Y\O+W\TDZk\AI\'\\zit+\#{U\\A\\G\\pfY;{\n+.W\\V\rM]!.K\z\\\n\Y\nus;\\5l<Az(\\> \|/\Z~1\Z\jNK\\r]k\pdB\;\\d\"?\\K\1wO+\\\I8S\nc2EbK/Y\i\\X\g=\\\w}|n\Nm\\\\!\m{\eL\\\F3C\r\U$nV).%N(AK,\!se\n<y\E\Z>D\\Z=JO#HS\P<asr\K\'1@#X$\&9QLyty\h^pg#U3Ge*fUgPYn\?\\>\GW|\%,\Q\y$	T	=8T\;n\Kl\/\scn|4}5jWP\N5e\t&}\f.\f\nQ{$(\\n\\\;1\ES6\Zjp\0Xk\c	!r]\"\3>w2\G<\\\n\Zrcx\*\s\-8]de0\\ZB_\0d\\|\oU\1o\"D\"8\0[F\6\5\xL\F\ \}{rK\\\ha78\\'\\z\\"*0N_V?=m>\\\~p\nLN\\y\\W8 \\c\ \W5cFSQ8OTAiI\n#o\\X;\>j\;?u\z1\tl\\\\\5W5Gef,\\"4\Fn+u\Z\2+[R\q\n\\\\0F=	h\A2\Z\"\\rL>\7U3qX\1dd\\rM\/\\\jM\\Yw-Jh\ZK\Z\p0/*\\Y[\\t\\ZU\R ME2$Cnp\\\n\Af8F+D}\=\eT\Ft\n[11)l_p;\\\\\\w3\]\	R\pg-!7L9t\`{\;\s\WX7\\\\\eE\+\y\c\\&\|ook\N5\Z\d\APg\|;y@\V~KSd\#\O2\tk\7o	\\X\.]]?\AwtdS \\Pl\s{d,<\\Z\\0\0 \0IDATt\'36\\rZ$-hdvrP\n\m\4=^\Fj8&\h\enE\\\&\\CmZ@Ik\\Z_\fRZ2DYWcLlI9W[cq[\NY-\\)\\n\ZA=^!hJ&\[G\8\9# x5T\U\uY\8k\\,Xp|\p^0\s\y\\A\\r4w\Usxs15q.UheeT\fUV\/f2uO,sN\v;\\\;\%\G+n\x8s25Bi*\V#t1\\ZJWd:\J\\\\xT]\0\Z\;\\9o.8\\9f(\z/p\\\%>\ \@>jj\\r\\\\\|\\w\P\V\|Ii\P\l|\0Zi]&\}m,\\\\\wq4mJ\#[dA{5>%\\&t\4\\_\\\\P.u\\CoL\#R\\\;^eu\\$O\orv\0\>O,N:\0y\fK&*_\;#\\(&\\ARj\|3aP^t\Z/-C\_e)\P+\p^{\A\n\*x\.-BR\\mgb@Nh0uEAQ\\\+\Pxlwzk$	\\\]k!x$k\_RX^]/8^0s\y\KI5ss\k?W\\xL\"\	\K\t>1m\Z7J}SV\\Zk2\e\#V<\DL8Q|NZ.\XV{\\4-M f\3Sz\aY9\\|\P\U\Nm/e\\o=(\s~_~vU\E\\|\\\Vk\\\}\c\u<~+x;lR~i\\\\LJ<d9\\$\Z\d:\v\	b\\%2v\\\\$x\T6G]y_0Lw:\\\0\0;ws\\\qN}q&j\28!v.\\w\?\\\\r.ZV4N\|\\0(AD{|(E\hYg\\yY\pH\;!\"\=9d\UUBP\\\p&\X{<j,jH\\\\0>D{v1&/#4zj\0,9fU\q\aU6\V|#QhT\O;^\U7H-!=\zth\\\j}l\LMr\u\iu<.W7^\/\r\9KR:C-B\:D1i+\IGY0+\1e\'\	O*,yaAW\s^{V\h\\Z\`\\Z\\0V3XR\A\\y\\'|\N8\\rTg\e\O\}\c\y\?_\?/\'C[B\T>\#k@\ }\\dO}x%+d{\Nvr$~B^wR\!wa/Q>K\ a<\\nl`H~f\Aqg9c2	\thpe1\wZ\H\hM\+U I\j?*\}\" =$<7?5&DgVA\F\Z&y\A)}3\\M\c8D: \+9(G8<U\VZ\1\"\\8,1klTs2.#\U\B\P\\)ws^}p4<YW_>{~\7IY\0!\\K\"\\\C\oF2i+9{T%\n\\\\s\\-\r\WeZo\XcQ,35&4\\nx!\DC\4\kDJ7^|Sjjn+oiC	\\%lr\:\\\\Rxd\gO~\oe\Y\u/;\?}\\H\r1&j\Rze\~Z4}Y\W2\9\rv\f\\-7C>Jz\"\P\.\\\^z\z\Po\ZZ(\}\rO}(%<Z\'\\\G\N2nZ\rX*-p3vv>FL\Zt!\V\L~#I#%>\FA/er>UK&-\TY7J9\\a\\%\XL(mPRH9H_c3\Rri9\\\F\<B_g&y\*\GXT!Q\,}N\\Cf!R(\\\\k\U\~\5OdE\\\\kIOFDAM`DwyL#\ X} bQ!v]DQ\G\C T*CP\ApY2X\(`B\bcF! Xq$#\\Z\"G X+\\r\\)\\RX\\%w7\*\\FYc;d\aRI{kp0;\y8\\\%\Zy~W\{+)}\c{\0^>\_PH\s5t#0H\\\\4=x\\i\\27UJ^2(\+vF\\S\\\/\0,;B)\\\*C$\p\'u\tAWa\\\ /z\\0\n[c\u\\pF\ru\<NBh\\0\n}\tc\>0^T\\rY>I<U\\Z<G\4%fkmm1\)A\KF@OMH\0\\Zl\\@\z	Q\8(Y,c\a0<>41uq)\H\h\XU\.h\2uI\_co\\\\[rk1\\\~R\n\(V3Pm:G\'\" CM\U`\\!(4uC\rGn\\7\\\\.o\n\r\%u%C{\"\#H\h<A5(&-\&Xq (rfYM\Ge\(/-/1Bf\xM22kj\^vz\\\\\\c?_\lNu*Z]\\s=\#Bl?\Zx\0m=\\nlE&@\\\t{b\\\\&\O\3*y[8Si\m\2\a\\6\ff\xFc28\!\i OmwwV7NF\\Z/\nZC\\v	B?c#y9x\r*_%BL\\\'\9\Z\mI\\d\Q\uMUkB\2\ij\\$}EwE($\\"{kC#m;\0!Hn\\5\\\|\\|\\'?}DnkJx\9g7_3\_+_.W\7Yfw\!!\@\!R\g3s\\|e]\o_\nE\p\\55W*u,BfuT\E\>Y\T\\9\\yGfL,.zc\cC1X{wtc\f Aix\_jd\P\\rR\\>$l\\]1#^YF\Z\\\&\\G%\?}\\R|\\?\\=\ppC	=o[\ZSd(1mYK\y\a0v\\\BvV\H]w~R\	rn\.GMbj:x:EI\~\0^\N\'l6V\\\0Keo]&hc@\	\-\Z1[e9\e4MoV?T6\n:!,5\\kGr@oPU<(2g9XG\\Z\\&\!I\KEz.3\m\0Y1\\O7\|~\r>igG|	\.+^\\V|\g|n\*\ei\\|Q-n\z9[G/x|E\\0\*\u2MvL\n%\'\:pv\U\|s9aq\\\rf\\\mf&;RkNGr\\6|g,Hf\vR9\"\\\g\%\\\\> |\}A\&(yRlH\;\\I\Ya+M\ythkl\{|\\\\D\Kd\.s\\\d_@xN}h,\t[f!\C8\w\\\C\H\'cN\6a\nyt\,|\\\#I\K\\\x\\\heu#:AqH\w@4\"%P{C%P5\r\wp\"U6%\W0.*4y\rS\'#vcu1YIl0;/\[`K\KD\\\\r\\\\'f\YV\VXRay0\O<8\Y\5\	_zWk*\B\UUa?0kp|\\\|\\-q$U&hTXQ\6k\"1<3cD\Z	\QE<\_\x\\RGu\UU\\7\\'.\ns/\9\#k4PJmH(\$	\t\.=eGp&\	q\[nu;\&!|#>;\{\Z<$\\\> ?x!\]!w\}h\F|77\Z\\\'4N\cE~\t\"S\\|Q.\Oj\\nC\Ec/UX3\\%\6F}\yYN&w^E\.Rt\xVr@L\	J\\\0\\HQ\al)U\.]\'{$|,J\4hC\\\p\M&:e4v%[>!&\0\r5V\|U\dZ%\'&Cr\'\`R\\ZA5\B5X\dk	AQ#d.\X]>\\s\E8\\XU\\99\hq\d\\\O/y\5\5]s~Uq^W3\'0o\l4[W.2{\F<45M\\5\yAf3\FX55&W>qw\<\\\C\U\\7\r\$_\n1,m\i1\r2\\\Zr\(8uXmN&2\r`\rDa\'k\w/}FQ4\\\Z\4\&\_I[mA$\[E	\{\0}\c@~\\K\>?\[c!\'\\04\#U!\j;:\8	\"[*\SIl\/ \\\vx*A\\\9c{/\\\v|O^Ae\2xt\\4]^(-I\\A	Xp\sS7lT` ;}l\I\\3\\Boe{\0\0\'U7\rM\q\G\D\sqz\}3\\ZO\T\!\1,\r\r\W\Ah|J\\&y1i*J!w2x$\\yc\,\Z\\\d\wymylns\ey\0p\\rw\ro<Q{\\\Z\}t\W\}7>\+\x1(\Z~ch}\9^[\X>s\\!\\ry#\\e\/g,\ZXDgU\\9+oq\\5L\\FvK\\K}s\u\Pyapm+.\'u\\Wf3N\q\\03\\ S\NWj\\\0Gr\gNx\p(%3<\8n\\&	VL\x\\fp&\z%AqX\p\?}\\d|w\\\~\Vfl\Z\>\"0A\Va\\u \AF\q;\(\\0\x\m<\Dm\rM\VV\\\\JD=\;\\dr;\.\Bo\\\MzWvI;ic2^Q\0pt\0\'u>|;l&QCS##e\\ztfx\rT=Y\Z\\%e]W4MM@_o\bqr^*Tx\A6sr\x\3~\~\A1\rwOr<M\qY+}\,w\3\y\\\\r?\\M\\r.\\\X<\#Y)2+~r\w3w\\V&K.DZ\p`IC]z\Yf\\V.g\\W+4>	(W\2,\\\\|Y\M\kl`q\GfAj\< \\\\\\T\\>\\F;be\1\!\8\2\pH\cC\^\ e\\\r\&M\'D\9K\}\\J6\|K6L5\AR]t[\\"\\0H\\kjKUc0_?\>	L^F\i\\\,Co[\wK\IS;ap\J)<8O\(\\>}S\\\K[[\2u\kPd\"\D\om\v-;\oi{7\m\A\.\8\_7\r>D`6c\,\9\F.B WY\\p\aEl\`\X\0M\ 8c\\K&A\r5eYAy\!.qpr4g9H\VgdyFf-\pa99\x^\\'\8=t\\\\r\\\N\r\\.x\\r\'2\ +Y1wZFY,fs1d<v\n6\$/S8\\\f|r\\\<DNk\\\s^V\\y\M|:=C2\t\nx\~`y\n\r9e0\y\\M\P@\\BHB\g9\\\\J\c\H\0\T\O\?\F D\'T\N\H`el:o\(M~k:\D>y\I232:2I\d;\V\'@ h\\Ir`iy8\e`r8[tt.Gig_;\";^z\|mA\u?!=\\0}\'\lg\\7cL\"G5#	thl\Zia\\\F\rfE\(rM|@\:,\'/o\~\:T\5A\lQP\\f>\Wwh880\"k	\}E1#\,F|#\+\	sxpsXXVu\r)|\CTA\E\\Gf\05C\L\\\\\\g9r\\,50\&wS[a\,O.|\`+s\\s\n\a\I\\\\\'\\F&\\\J\rM\_wY\\0c\XW`,!$NA\`BT0S\t\%3+\!\rVz~%/j\0d\\\\~^@WZ\m+;H\S#&2YOIL{l(\L.@_2Vw%\==E@HyL!0P\^\vo<53vC,&vF\\\0ulzK2\6\\>\4vJ1\;\\\3\_D{-\]\\\[i\\\vQz7w,s8\'M\ZPh~63\snh\3R\+zMPx_SW+`<\"s9V7}UUs9\\\\\'bsPV%\zYc$\\rA\0\nNf{ws^XN4X\g\n\Q\\*\~Nq~\\h0*H(2Gy^)\rk\r*4^1PX\\"\\r+\9\yAf\w1	\,y8k\Mcx,+\jq\\*nmG|!	\J\5J@V\n85\E\e\\'W<t@}\\r<\\{\%G\ \`\h\\sQ\`*\Q]\`\\Q\.	]n\r[\,#\v\\4\\zn\\\v\';A[\"L\0\p|	fou\m7\;\rL\?927a\N:n\\r\hv\m_z\\f\+\\\Ag\+8H\\4TR\Ia\r\0\0 \0IDAT\nU\Z\\UUZ_^\PUk|]vUw\r>m|&\b\|qojT`VF\z]\1\;e\q\\\Z\r\rya&\183C\@\\\p\X\g\w\e\\Q[Z2Q\{,t\)_\Q2W\\O/Wy!914\AK\IP.]-\<\tVposoQp:\9e,2h\\C&VU\UUsY7\\4\s\\\0O\k+v \]\\\!N*@,\DjPQ:\M|\r]hB\\! .*\_V=\}\c\u\I\\O\'+\^\H	\eK+}\u9djhGc8\\x\\\;sAyILOA-\CJn7L\\\z\oeD\\\kG\\xP\\eZt\\>\\$LI\uT5\KLh\8\\u\X\\\D\P1p(Su8\n\Z\\=&\-7\nu\C\\7\\[mYz\\.{}\u\\\6vc\%\\FLD\xCF$\/DBBH\\AY86-Lbb;v\\\\\9\c\\s\\NUtj\s\\\|\_\Y-\4LK>7\dmX\\cl\v \J\\M\\w/\|\\\\>\\&8./\D1\8).\\[\q\,>FIn-o>B\\B\n\{oprb7m,+o\_Y4r\6\P*|;:\J2!#\.\#7\/=pQs\=\(MxU\\c\^f\2\UC=7*&aDRl\n\v+XJV.+\\\U>\C1\\0HG\\e\\J\\	\o\kS9k\\I/I\\'Nz\JQ_=\%GTcw^\#\\\N?@\\'.}\b\vfZ\\\,gt\QJE\Z{<u\vY\\=&\/s\h/$Ho\6 \{*1e\\"\FR\\h?zaT~E+T#EQb+VU\j uJv|#\+s\\\nTUE\\nU\`\\^ry1\\|\g\\wO8yeJ\,VJY,#&\\;LDc\r\\U>\sMx_s~\P/uO7\>\Z,-\2B\\ F0\\6lBL^+Jr\"\\#Z4\O\\\9\F1bw+\W<[XHN_Hk&S8R2Uj\cbDc\Z\bL\\z\ -?1\\rc2LV@\`b!\0Q\\_8?\\\Z\M\>\/o\up8\A\\s#%u\\/\\.;\\wDWv	\\\9\\\q?=\fz$I;[\J.I/\%;65\g\;kE7\N\/<\r\\\}D\/\\}b{O\8^>~\J\)Kco&3\\cWV+B+064`HFiD\cd\'/\nT\jh0\|V\r>\|M\D\\rl1\X\X%%hP\n\1\p{36\0{al[lMii(\2&uF	QaTX0\\\v%\sbvb7\FMdpn,T$\p\\<\\\5+\YT<\\V<Y6<^,\n,S\*\\'L\'%S3OV[Vj\"\\0\\rz>-X+0F1V\J%k\E!m}\\<\C\0\\\?c\\_\\rAz\n=\7]\\\0&_\8\s\"\\0\y}^=\K\"y/h\C\\Av;Wvdo\\MH_l\5Dw]\#\\\\2;Uu~H\PAg\\"\\\\m\\\\\3z\W\TC+1@\f8nm|Ew\D&x?*\\u\$aS\UbSAh#Xk\75F\cS-\)\d\Z5GQL\\\&Yi\\\lc-\D\\Eb04b4\lIE^FO\\qVxPN1Zcs2\rQF#\Jq\r\D:\5E$bE!$C*\\5\<\'D@q\\\i\\"r\Z^\G|tW\ro]\x<_`M K\"</7\\S&n\nN\n^Qrk\JLgL&\&\'\n\\V\s\Q\8T@b|,\w\\[}o\\D]7\[P`\'\;\,G^4JPU73{C7gw@=\k\p\\7\3\\\6{\O6z/\\)\-E\\\c\p\\c\XwR\P*3\)r\0\\n\'u\"\\[\m\\Q^p\0\;\\:z[\Gn&wb0.G	\E=D\M~(\ZR\\Z<B1\Xbh0yA1*QPW\\\4\r*\\	uE\QXj~yc[#&(\\2)8\LKOmO1M+\z\fe`\\x`-qZn\\L9\uH\mnM+KV,\A|Xg9\ I\X\\1g3\.-1)x\K\\\}\o}j_?Xxr>q:\I\\t\\2p&&\Fj\\n8CW\\Y}rK!C\n1\C\0\ct\7\\7\O\;e\ri\KJ\$\b\\rWdPr0;>\GL\9\NZG\NO	nulOt\\\LXw\\\Z#K\'\\Ct^na\{\%\$=gK]\u\\\\>\5\u{d\Fv=A\\\ml|\\Qc\U\Ln\Yn\\\A*\q4+Swj&$\=1V]{#iAF\\Tu\r\EI+ N\\r\.\\FP|Wn^\9\Q,^ 6#w\0i_M#,UIf\n\\	F\n\x63<\\\\\\r\\lTP\"kNSEMr\D\\5A%\k,1F$2_0u\\(Mwj3\e+D|m5\\j\U\`e\\pXe\5\g\rwZ;58q\;LmV\\\\ Hw	2bo.\a<|\\>1H:\\zz;{Bj\%\\\,\nX:P\)pc\cS\\xb]7\\\\KkUm\\\\)k\]\/:C5-N\~);\\q)\k\\Z\HVJ@L7>F6r\k`#m\,&e1Z\CCY\jN]-6,G\#$jq@\8a(\|g3U\\2XYu\Y>C\%\\Y\\xT8Ca^	_\wQS7W:U`\\rh\\,Og+5T\Z2Wo\\Qnl\nI2H\\bP\$v\\Z\PB\D-\'sunB2r8Z2Oq:b\fjh\\Ra\(:j3\\\U\ruI\\\Ze\1\'\\/\\T^]]\\Sy!\0\\$^\M4T\rme4;z}7zs\U{9:=U	z\vB\>y}l\\P\4x\\\\\Vu)\`{L\nV\*}(\\1h\Lt\=)nE\M^\\0r\\\\;m\\\s\i}-\\w\z`D@\QE\v\\>wu\N/-\N\\"cz`\t\nZ8Q#@$d\u1BU-%S11\W\\\\\J-y~U1*KN\%\#\\U>I\0[F z\\Z-//W\\Zn\V9\"\\Xj,\\r\r\,\fY2X\5\qFe4\\dB\ZF\Zj	>tm~1/\z<V\XTc\\r)\$\0&5dT\\pk\\y\7^M\\\\[~8mF0B#BpYW5\\v>\YF,bLR<\5%\0K~\ax\"1\\0L1.CFc,%[f\\\'.R*\\}gbw{\K\\c.\X	K#Gr\\?DV\\"\7K=^\02d_\]\A\K|#s \yyE\!\'#ztLx/<3(\O9zd\\\gI\1It=\\0i[\pY1\]1\%\eu\h<a<(K+\)eQ\"(>\*n\{.\5L	e6\\H\J\ns_\@\4Bh*\%WF2\K\by0*e*<<\W\"QQ\n\r\r\ro:\IQ@\"\jX\5\"h\0\-9K[iN2c\&\(}{\k\\jM4EpT\Qe\x\\{=@o\\";=MF\\\\\DX\\Aj\\rg\ro_x<[**u[\YF\Yh\/V|\y\\U]\Db!\01>x\3_1ps1Tr\\@a\.]Y\\rgp\AOvP!*l*&u8\%G;J35\}([%\78\r2^>H}\w(\k+RGVu6@\V;zvxF/\\\\=wjlm6\\b\U\n[\-\%\8a\\\7r\k-\:LKPu=\|4M-Z%\%i\\\)EQt\h\X\\\'/\p~\f:\\nsv3p\b \Zb\Y6\|j2c\\\n\Fawb\9\\|NS\\=)U<[\<\S1UX65\ZJ\h\17:II[mik\\w-WgQ\y\*W\Q7\?;99!?gc\d\0Z@T<\_-x\x\\\355\\<ZEq\@1\cx\"1\\0\\wz\\_\l*\ a\\\\n\/t- \\\M<\jLm=S\\0\!\%\o\\\XN4:F\> \\\Q2i\\=W=\C\{\\"|%G\\.}/\-\R\\)\\\Jw#3m\UB/ \!4c([9nX.%\n1\\\r\\V\i\yQg9V<\\\\p\\L+$|,XrNE\nX\c\<z\9g*\8jU*cpE\'0\-QW\%\'l<\U8\d\H,\Cr_1\7\\+\Y\v0&:\\0ug/^-8w;\\1j<\s\0\9)\ONR\8!YJU\\\Z\k\j\\\\'E	PCto2\\\dx\Z1\4y\\\\J\5>djtmM\{\[Dv[9n{>%\V&zD \\Y\\c:xH\,>L\_zM\o\VW;V\\na\qS\x;\0>n\\\\~\\A\}\}{_W\ilo\\D{S\\\m!{^C|&D\r\nZm4$e(\\\j5+@pYF^0YFTX\fX[PEi\%K_}#\|R\\)\Z\\\1G \\9n\\\\aZdD{5cd+n^]b1\1&H@2\vzuA\]\bQ\;9\\)qM,:\\nb\\r7\ +G)YuFv~\\\SVO\\\\ijFhj\|Q?|Z\g\'#*QE=\I\Zb!\0\G;,\yw?\W|Z\%<z\\0\\D\\6\nAeuoZVgx\'\$G\%X\rfj:\(\C\d\P\s?=\9\qots^wL\n\\q\lz{\e\\U\\tBK[yobm[m1x1\GEQ\\"\u<E\4\l%x\o\\r| \KF#Y5#1\ZB44yj.Bf yo^qt\\l\;\/;)\MH\E\*(N82g)l\JL\G\'Idg3O$>\dLv3c4^7\40\s4WbAe[\&h5\bF##=a2\+l\\\eEX,UE]{fs\+~\@\,8\\_!b\0 \GG_G>\j\Oz\7}7>\]]~A7\O\^B]\3v\cy\Jo\u\	3tgk\%4xu^z}:=X\\0\9 i/\vC\C\0`,wlx$\^};UWaS\\\\n\Zk{ \6/G\j\zs\g1\\G\<BRR\\'!\G\\nL\x$75!D2Wu;gv5\\Sb\\d	zA)L\Z\xj$B\\8w\0\nQU\nkCxL4f\pG\\zF[\'CSZ@\"h+7\\Ia:?.\\o,VC$d\ne@\\4M\\;\\\\sQ]-Xy\*(TV4!\"b8k!fb\|\\\\Uz|c6Y\No:WExg?\0I(\V|\"\(x\\A\\\k\\c\\0>=qZ\|n\\n\\w\9:\C\7\x\\v.\\\\\j\yz\vI\\\7#=CZ\!5IPi\0\\X\\C!cg\nUU\}EfOk_FNo\rAb\$aUY,\*!hu\\r\(LF\nE\Pl\e|\\\\\\\\\4\ct-\55-i\\\x\2fk\\rhi\d!\0\W/U\\-rz&y\\\f4`DQ*l6kme\n\.\\lB~r1\	v289\0%4o\\g}b\ZC	AgZ-\\9hlu$W\\n\\\D]n\"/0q\\m\90y\r\lv]Wtt\a\UG&z=w\<\9\0oC\\W\_mB\rl\'RE\5P\\\Zv\\Z\ZI\\o\\\^e\<FqKT\TNcemkiokv Ai1-XiM*\V$TS\I@EgU-\F\4\K\|g\/\{;|\,\nK\gtmO*ce7_\N[n\ !R\\reU\x>f\lD-M\h,&oZ\U\H-Jc\q#\\rUEu(\_JZT-*a\rM|W\`UC\\r\\<\{\\!b\0 r\Cz0jk:\\\CEfg(1Z\/FR\Z	wI{J\e>L\Tpr\0iA\,\ \\[\Q;\GPPOn\\\s\'{\0\0 \0IDAT\#\eI\^)\6hjmDPw\%*\f	iV?*J\$~\C5W(l#6H\\\w\T@\_A.1\Q\\Q\\Z$&\xhj\\s\:\O\=e\"\X h`h\dgB>B4 $\\\t=IL5@P\jWA#V\Z4(^\q}Rl\Z8q\z1Ai\'L@l,	M\0[?zi?jj\V\\w\<?\?\qk!\0\G0~\\\'\'\_yM]\~Fm9\\=dk)\$,JA|\\a=\\r\\>]|\\UZiZwYS6!X*=\\y}\\so?&QIw\"	~\{$I\\V<\\wi]5%\76-\\I\8I:\9,l\k\\J\ji\0\qz4*uD_\t<\r\78k\^s~~\'\V|i\yo\#%\IQ0R,uL\<M]cdj,Ky>6,C\BWGqZf\\\4K=qo_q\JEWN\\rm\\mL\Jkl)3\o!M@i|\ZX\1DT3 \Zd<)\O\\\{;/\.?3WGs\\}\\n[\ 5\Cc\|\7Mu\F~W\\r},\Ge\;C\\t\"\5\v\j	\\v;i\\'rH&nz%N?\\x	!t\.9\r\\&v\\UO\msm[;c\\\\d$1\u\C\\\ZyV\\\\ +<Z\ j\A\\D!R5\y_4\/\|\y{wD\r\sG\n\h\aF\n>3-\\\M@\3w\[\\4\ti26CMFX\Zd\"*Q6\A1)\\'\ikb\\FQS\-i2\QF1\Zch,gb\Dd:mAI[\nh\x,L\,\1\vnnU\\\B<y|\\\]_\Z!f8_rYK\\O\!\+b@WGk\\lCp\qF\I\	G[=YTI5\r*Ek]\n\\\m7J\C|G\@=o\\|\k\\\rl+rvVJ%t\\\Ct\?\\J;I\QZ\'>/1\*\R\-p\1DY\9\n\rJ4F\s	\0`UB\s.\\~\/{N\=\'\<*/o\#2<g\\\\S\$\:F\(\b\\#hlyQZ2Mn\\\3*.UP&Y\V&(ML\\\\X`7\bNr\<Nx*p(\$!\\\Zi\x{^MIm\\n\V\\KNEYF>3\d\\gs\\GW\9\	&c^s\\\a4ZC1\:\n\G,>=_\n?QV|h6b0\)K\Cv{\\VM8T\%=\,udwz{g--{xJ\ro{6\w\Z\\\\"ma\*\\\\dWb\g@]\\\pL\\\J}hH-i\\B\	o\=}\#k\nI@\\v\\FR1CmB\\'z31!	\0$g9g7\nNK^.7\rW.\(\"W>r\	NO s5s\"`1\\6N!uT:f#[\:x\",\YbP!b[l1Oh*\5sdYe\,\IjO2\;\5[\\p)\C\Z8ka\#f\=a-7\\)|\t4Xl\Z\][\\?z6dn\[={\\\#\\\\Ee;O\Zg[=}w\l\J\X\m\k\5\\\\!\>\BDvZH|\L\]\\;/\a\\\/v5\z+V\)=+\c\\\'.6olMr[$T\:\	#M \ZQ1(DK`\k*JcYUCIAQ\\y>_r\Y\pUy\\\Pj\{Vw,g6r$2|(MF\Z\NrX)\"(5n\S4$M\1}/-\NVWL1!\1i0\\sPu%d_1\rL1x,Ka3\ZV`b7\}b\h\/\?\mj!>\1T@>b?\'\\>\7\r1/cauk\2\:oL\V\.Q<(3{\\\9\C\\-i\\\3\c\"P\!oY\:o}_z;o\5WF+|\'\\\m\\[e\H\\'\yl^\mIIV\n!5\\SU\Y\\\\\!aCc\HV\T%i*\rtJ\4J7\$bp>%\/k&yF5OV\\\'jN\Jxw\\\&\\mru_1<\\D\zl\\$>$0\p\\*\\\*c^\D\#b)\\\	\\\] \\\?Ok\\zr*$akj\\W	};#\'\\\,_{v\{Wsdz\\\w=y\\jrY?abQ\|i\7\4U\\\\r|\\'\qAd\}\k\ZG8}O]\\|Pzzz\aZ\Do\\\\0:>l\\p\0\\\r;\\\N\e\C\K0\r[-8{\\\"\nQ\i\\ZH\t\t\\\ZtY&&_+\\nfG]\XfqY*\\R/WnO\Z\\y\\M*@5\\U\Z\(YN\\7/\\1Ts+0\Xux\b\r?O5HZ|HW//2\7c0JY0N[E3@W6 d\rE @\;$\\]\\b\\f1\BNn\zgYyTjw!>\1`}QK\\\\b\\,yS-	v\\i\f\\ot!>\"\\p\@\sB]\\\o\n!\	I6clWOJmZ\wyc11M\r\\"=O\ZGo@\r\ZDJ$F1-J1%\N1%\IV	A\'yV\\PYK\g6_#dYjj<A#*gMd\,\LJ\n{\Nk\J\\?xTG\)G\\gE(\7\"\\\%RHSKY\L{<b\\Y&\\\\\(mXbA \\\tI\\<9TZ 6	TS< Db\-j\\\j	\h$sc|\ce\\<\\\l!\02\G)\\E\\G\.\\OBMRgA\pF0*H\,k\b}l*l)X\Fe\;\\B ro_\<\0]w>]\\W;ohIH\\\5H\dx\9x\\G{I5\\0O.I\t-\nT|H\\|KX6A!3Bx7r\\F06Q!p\DZfM\\<\\\9w\c&yAf\qR\8)\nn\R\Z!3\\\\j1\Z\\n)M\4\=-\_\o\\&L[yDLl\\\ #	 _	#\*\\DB\\\(\rw4\'%\94\)ZLql!\02\G0S\\\\Eo\uGU\n\fVT\}l/h\h%wa\n\O;r}\\mk\0\0C\\C/\\\\7r(8n\mBUu!nt\\":\\"[\g]S-7!\\FD6\\*&#\\\O\:N9C#>0\r\rZ&C\0mj=:\|~\x\xcMy\\|\ybdZq+C`\xfu$sKY(=pk<aZfL\\p\,S+Led-\Nb62\(Y,+C]2!<Y\\z\\\7\cz\M\^08ZC\c`0*2\\:\\\\e\\N&LOG8\'&gy\;\'8\hG\~\\0\r1\\7\G4\\o\\|\]7P]6\4&\;5N\'~og\\\kc4\|1C\plJUtNj\\zN\J9>\Kv\nXH\rk\\'H2\tD\rFt-C.g\&WJ][\\Y\/Y@n-g\\G.\ZTj\Z\yk.\'f\\U5Q\/\\6:\Z\S@GLTa%`Q+ \\dx\\\\>[rsR\"g\	\4[NP\\+HF\)b\\j\\\%\'a\\\\"SFxb\ep\\N\\\\<c_\W{{!>1T@>\1\ZO\\\\Nm\\rmID\"F\\\<B\\0\_%lQNb!Ab\/\\ijdij+	(b6~A\"=1\kZxqCL\\'\o0\>&6fu$m*\:E\Ls8!*Az\\Z\(W3\MC8q\p#K,\\\"6	v,C	BfX[G-\nK\Y\QY\1J\\"\n\_pr:\\nK@#\nN2&y\\H76\\5a2\1<\`!.\\\u+{\0c5\\\%r\NfY\\\KX,T\"\'\t,\Op^y|\\\\WY\r\\r!R\UEWU\\\0&1\\0@<~gf\\'y4\Z\r1\"bb7+\\T5ZNFI\\\i\!{\C\nC-\Q\?w\?\ z\N\5\\f\"A^4\H\\n&\HL\e\TW\v\uu@\\|6\0\!!u\\\d\N3S\$\)Z9]Z\f\\\*r5a1\qhU\8O\\k.Wv:\FYT\&251\\\nQ8a\WL\\\r\;f\g\#./<*\\Z\H\'97\xE\\Ng#P5\ZTV\6\p\\k\\\#7DyuRN<o\3g\;Kk4\\\\eMU\\57X3|\$jTy\0&1\\0@\k\\V\\:u\\:\\Vf7\:\\m\"\o\\o\f~!8\\}\A\\\\\\z\{\}\\wm+h\\\\r}OC:$96%\H5[{kD!qqc6&k_i[4\m\KDp\1\-g\W5A#Y&L\IN\\\(\`E\\5UqFy(\YQ\+\*ze\"0M\wUI\\'&h0v\\r\z\ee\,n31\\<\8\f\w1G\0nz@8)83b[\'\9\\\>b\"sCJS7\Nc\b\\+.=sY\x\9a	\Wj\nJ\"=\_=\7U2\n\=\Z\"\?C1\0!>$\Tsszr\?\\,#\"}ou5;4;mXQfdm;\0#k1Y\&:H\r e\0\Bml\\\;z_wgGr7\Nx\rr\"b\Xl>\\\Vs~{V:=Ya\4NE|B\.~L\<`G5C \"BGUbQ9!HJg\ccjhA5kM\R\d4\NSp\\}<\2D1\P8\X1\ZaU\y<[tJv\*h%ge[eh\IN\H`2vuJ\S\KFAGI.$_\d.h3C<ii$sr2|\e\+16z\\\r5ify\S\&\Z)\Vi9\1qhcqVVhT+\-\x(\\Mw#[<\`8\\0\\/G\\2UUaTLO=\jlev\BUtj\VM>$jS:\l\-v$kQ\}U\e\CB`*etHek[Xb\\[7\&\l\\i\\nU\\d\1TaE7h1\j\H4$Wrh8^Q|RUKNr\\d5\\RZ\K\S\\\t+s\nc8!I\>x\a9X\ncYJG EQ\y	1\\6Z\W+<\\\D;\L\Z\-XJAL	\bf]R\p\\f\n\\6$\r	@\\c>`iA\9wq9V\,\\i<Y\#V(cG\Zy\!~\0ba\=\\O?Z-^qYf4\Z;\Uk\\n\qt\\\\\\:;\cIS_g\w\\g\\B{\\0L\`[\-\AS(\\'b\&\r\0B\}H\lt\SIkV\\<2:5\'\pD.kx+\)@iLl\Y\:_|\MF4Dm@\,OO\n>5-Y$x\nIn\(\9,U+LI\\\n#\-2^)sF6cCf\rblD\\rT\S&\S\\\~}|T\n\i\ZiG<1DB\VF\\\c\dYh`AB\U\\"\Y\wl\\f6+\$\\MV\5[R\,+|4r*.]w\O\\'F	Th_TTb\0 C|!\gG68c\\rv]$x\\\n6\\7\a6\yt`dC`\i<\\Z\\>\T<np\6\\\e=! 5\\-!2\ku,z\qFVvAGl\+i\\\6^)\_>\K\\Gp\J_\\\\Z\n\8-K\oM=\\s\)\dU\Tu(\\n\1-\b$\\*R	T\;\*7\\wx<MOO\\\f\\`<\M\r6\r\"mK\\8\Z=!M 8(\L<\`<|\KW\rgOp\<YF~r	\|\M,a\^\\\\y9;b>\K\<{\N\\\uU_\r\'A\?\'n\/~d!\02\\rbs\\'7ccKS!4Z-\o8u \1Bz@D?$p\'\OX\0\>Y0ob{uuC\%\\\"\;V\\$~\w\vn\$\*;\5\VC\r__*HlA\0\\\\4\y\\{W\`{\LY\\YRkd<\[\Z\,7bR(.\`Z0\XY{$e\g\\cfI\y\\:\!9#Ph\W\'\\0\0 \0IDATCb8	+\0A\A,;$2\\0`;!#\n\'0!#J(\p83w\RU\Q\\\\r\\B\\Cp\w\]U]]\y\9\XC\T\<F\\g\2\L\\BV-;5lA1.Qo0E/K /$\"9xKh\r\~+)K\\60#uQ,:9rTr{P3\9l\Z^?Y\\W_*y0\9\{yH8mD]MH-x\'fbM^\=\G?)\Z\Vf7\\\Qy\|3\\{\/\pc\\?(s\7\?mlc@\"3\x\o\_\\7K1F~\'\((1E\\*[\\\EpCU/U%_\L.r9\\\wz$\Cr	_\9\\\; \\W^\-\{R0B/p\t|\oh\]\|Au@V\\\r\z\rU1rE\`	>t`5\&f4\\FF;bN(1a,Jbyli%\\\W85|\\\2b<s\WB\_b\\o*\;q8d&/\"&\iR$\\Q\K$51$\:\\`\\Z\\\O\nc$\n\	\@?\s\a\m&r\6,Ru\P\X,*7r5Eys\+V$Yz\)\\r\Y\\>r\\r\#\_NN\MR;\\[m^PW\7}gX\\\\1\1?j\\r\?c\z]w-\0\\\\?m\\\\oES\MS\ \\\\\8u\\XDu=p\\\XwRR5r\'D\P2\je5KEix/0q>ml\+\E\M	\\/G6\\\pd*u^\\\\o\\\Q\\Hlln~]&iZqG\\YSi.\A\\c$\\49\Y\{|\7\%xjv1v<:\:6`r*yiR{GMQ{XQ\\\ mKl\\#33FF}sD&4z:\X\,r\y\1RK\q\WZpV*8hP.Ow\WR\m \	\;J4g:9\uK\JFwnpx:\[\na&	;\_GMq\Ku-~:/\}\N5\ZW\>q9?=]\I\ Vy\\eVG4-\w\\[;|\9C\zt\\i-g6\Z\Sm>[7\NHw\\ol\mlc@qU\'\OP\6FSK\;TJ\4\%U,aK\nB,_\Z{<|&.\+f@.E@\BSfU\{?^DNx\W@\\pM_~r\'\`=\\/xk:NBxV2r\MMK3y\7-G>%Bo\\'\yh\qbXEUg\|\}C|4KMv\~Ud \hM?\;\\Q\"\GLI;b\8qx\\0O-v![Kp*0cc`//E\\]87d\0S\\npx\t*Iy\[xH\1\\INfE\ZJ\\Ht2\b8>o=\N\4D~W\<>o9:;\F%rg:g#w\n\K\<zB(s?\;>>?TIJ-\:W>3\\Q\$\E\\1\\h?\i	NYb`,O~to-X~7\/yz2i\7\(V\>z\g@d\\m\\\o\\\\|vN#;Z\\J\j\r$.w+\*\zJL/&z\\\Y\-J~\\0E:r|\\@( c\\r-W\\\\{]\\c\+@@ .01lZXY/GD|\I\\\06#\\5\{_\mw\"iIZb	\1)B\\-W^\\'s\g\%U6Cj\Eug}\hi\\\!D\\\,w6#o\\1]\\2O\<\\Z\r<\\ro(,T\s\tv`qIuj^Z\<9?ET;\Q\\\QfQ}\^(\$Jn\\\r\	\qrK\\0\.S.X<U\\\Z_\\0\{s#voF:\G\r\"cQNi8Db\\Z\ |(\#\'D4\)m\\\;\\s_<\'9\\\\k{|\Z\\\S>1LyRH5?\_x\o\>u\O\\\O}\hmc[\0>n\}e:\WCI- X+bO\&A\^>\k\\W\3}E\r%JR.\"w\J\"Y,!W~w..<w_)\\rK\!\\\u_\n;lM\\J\\\)`CZ#p_7#lGdv\1\\Wa\$\ZPm:\u@R$h\T\m^Gt,J\n\	\n&P\W\Dw\n\mMpnFh,A\|Al7Zc \1\\nr\\\l\o=>fV7\\\%x\@\\h\Q;b02p\=\LYL\i#s\\5\I5*O\iP>z\\q\\\nOee\\X\0\$\U\"wLh\J1L\I\A!Fpg,^\'-U\\\l[*142|ki\\Ad\\4)W:n\XZAk\qkx=Ak-\t\I\r\\nUQ\v\>(\\yto~}\	_xSg<nd?2\\&,]q-\0\\w|~gw\\R&Tc4\D.H\\\JJ?e^i&m&\i/\>\rF]\\\[.Tvl\\c\M|x\\\\;U[jJ\\\{?f\'W}\RNuD5`\b_L\r\]\-$-\;4\'\]\6\QRB)<	R2o\\"*V\CN\\\MC\\#\r\XT\DcF!\\Z\\'S\\[wn55-\'u\Y\`\\gTY\\"\\zNI\+U2\SXHj^D^l\9zyZB3\QU0\\"\&d&>\=\"\\#|$p$HS5eN\r\\rME2#Fg3\RdI,LXC\\x\.p/(HSV\1\N:Y\`\"xa\*\\\\\\'3tq\\o3=\\ml\6\\?\Fxvzbb=X\T~*u%_cI@\|h\|\_4	\\/rX\\>\\\q]{LD^D/r-y\z\lcA\\{v2N#P:d8-[)Y%_cy,MCm~j}M\!\W\/\:\\2 r\\\JB$%VL\aI\n$\\\\mf4\rF;\!I\)a1SBy\\\1x:3\g9\Z\\\+]\Z\a\a\ZKST\\0ok}@)BJ\&W\L/\:Z\3(r}S\F(b=aT\K5\d\\<p;\'*p,\?{}xr\>\\A\Yhng2\iYq%w\VQ\e^\$hQ1)K\pv~\\\\Cc\=\\:F\D=o\O\:\\F\bWThS\"EE9e\\Fe\|\w}\7y~\\\\>8n\\ml\6??o{O>yWS\\Y/KxetK7\	\p4{\\0\x&ZJr<d\\\/n>\ugP\s>d_\\M!7l\\}I\`c\Z7a\9\\ZB\J,V\\n\\]\M\`:\":*+>R@\bX3#z\\Q\\r\\\,=g\0U3y\ZC^\a\Y*\E0>#`c$N\+g,T>\'\<#w\\\_\9b(\\F\-m\Pz\8\\\\/\>|;qG\%\t-\V\MJf)\i\?}\\y\5~9\kW*\\"<\\*47\\I\gDss\\Mm\8l\i\\A}\	ohf8.3\\Ow\\\)\3\\m`D\"9R\n[^-\s\	D\!sq^SZ\\?\\\z]h-\0\0x{g:9>\3\=hA%:Fz\$Xc@-bt\\,eX\\\Eb=\~R\iw\=pw\r}m\\s5*%\'CT\G\-4 \llO(G.\\*\\|\7> %\r:<*2\[yDK<3mh\\1\Q,\N	\\:U\&\baY4%s9MHL\d#*\\U%\VQ2+LlOzJ7er\#\\daZ\n%3\HTyFX-]!\2\aM\l9((-6Q\r4+1E\ZX,\Z\ZU$*;ngKM63\2O4L]B{\y\gy2?g}	6(\+\[*5d.88(\o\cAbF[Bj9<nxr9IB\D\\\uUw7X]LI\0!A/4\\\V\Zmlc@q1h\'?YV8mZ,Mqs\B/&\\B2y\L@\"\'\\Nv~\d\x\;I6p	\rA6G.\\\Rfsn\^|\V\+n\\on\0>:wMg\\r^K\H!hGO5\4J\'\!\n\zL\ )\\.AELdVH\\(0\+-[R\\"s\9\\nS\r-\ZSw\\)D\I\nj,\!4(\\kUg=\t.\d}5B\44*8\'$o57\\	5=Q_IrcxebSA cnf<\xG\oS\JN/\47N*4)bs\xg\F\{\Vj\_i\'9\?\\3U\\\O0F\r9\\nO\4G<:miB\hDCQA\FLo\\0#_VW\^\E >9\6\lc[\0\\\\CmF4FQR4\Sa\b\\\@g7j\)\:\\\"rM\~{Q\j\\Z\\w|rebx,50\m\+OW\1T\Z&\\Wdt\`=6\+1{O[c!p\\'\M\}\\-Yv\\\8Rgd(\Q&4v+rcHb v9\g\\v\"d\\E\D\\Z\sk\0&D\ng#\\"E\ySd\Q[3\n\(*\(}65R\kgR\YuL,Bj\\Z5\\`$\\dW\b819\U\|5f\4#\\nV}\)\H\<8EC\H5\\r\\\-Fbx\5	\\\_7vr\LOk\6{CA\n\{\)BR,X\\{\XLOn\"@\\]MTe\\d:.-\0\\6\0dW\\;_|8g\\;ludtVN\K%}^&\K\/]%	Z\H\\^	V5V6\@~q\\\\\z/\\\\\3\)\A\\7/\X\}\\W\{\f\Y^q/\\l\e\0Fz	^\j\\l.&\%m\ETI1\:ce>Sd;HER\"\[\2\tiit}\)sK\0\\#Ord0Z\93d\QHn:D!\\"#3/4)V,*\ui[Rp\"\R9	\:Fo3\>cy\\r\'A\P\\]\(8\\E\Uh)\{PPG\yf\\y OU8\E4:\i\rg\0r&\@LJ\\+\UK8\Z\\Z]\\ZE$\\R2\ml\9a\\3~mY}gg\M\\*7\\=D\yR\R\0\\\ze\"\F6\aGde5Q~?\ \)m\\MBH\noj|/t \+-AKE7\IZnw\\\\%`\Glt\\4u?\\)FbT&`qE]s\@H\\ys\\'O\dCM\nv!*DU8\@P\FQr\EP:~sk;Gzg:&u\0&e\0KHd\y\AW\o=FI\:XEk)s\\\3):\'u\a\\x\\;e\,\j\\Y+/Zh\L,\Id*\\mt\2\\6gg\dc%\\\dT&n\!o^m\dWrgd\\\R0Ti`cw\lVD:f\"\\	$ml\9\|=z\\E]%)%BXqW\FUq]Y%\W\T7\\W\0\`\wasC^T\5{&\\}0\]\Kw\H	\r\\\\dxlk\\Jo%|A\E5.>] n\SYS\\[\Z6\F,\\\\\\\s@\{kae3CB\\XB wA\@4+\EIL[e\~cF\Z\\\<D\c%\"b88\)ALx\\38kd9Dl6`qQ\K#\\M?R\H\\'\\Xixi3\'\g#\v)Jr)\\b\*2\I$+l\\\N0f1s\\9OPXgb\"u<=L[!\\<XiV=N=$Gh\\\3\u\\"nB\'\\Cd\F\v\\6\0d\\\\_\\\4%U2T/\'=9XU	7\M^6^	&\r\kR&y\\4*\\\\g\\\20$\\&\psE19\\r+Y\=Gd\Ype\mY\\Z^cc\D\@d\rVV\b?\0g<\7io\\n\	Z`n\9(\vUx#`{\n\'\\n\Z\\R\n\1\0KP9\\y4GubM(g-\(\g8`#!\U1+\)\75F\\Z,\hMF\i9[\\\\rA\\\`\e5T)\5\\|\#)F.\\9\\\SFg|\\{29\O;1\V()ghD3Ae-&\\Zl\cQ$:T\Z>u`\\\v\p\aUq5\"\\6\0d\\\g\'\\1l\Z;>=N\ui>\\s>\Y*|Is\]\\\(\U\0\ntB\W!\\F#qs#WlS/\\r\W\a\@\{!d\ez\}]V|]\W$\\\|P:\-v\3\'Y!h/z\^ILZ9\q\\.i\0\0 \0IDATL\ R\/b\\\=\\<,s=\:\^\<*(\@	\\Y5\<4pA>*X*\\vjZb\I:\X	l\"EEe9\:]0Shh\<Qb[\\\(\-sF\LUg%/g .qsO)\um\M`-\f\\g\$0vv\r\I\\\"SG\2vaT)e!\`D\-0F\Z\,C\IVi8qDDu8\;\@]*ru[\0ml\6\\\y\\\)\4$]\\PTB2`er /\	y4_V\\eQ\" \gw\mlk\ueo $))\\+\\m`KX{S\jM\ryO\8kCeWP\n%\\Z$C\/6F	\'%\"H\t[F!\1E	A\I`0\\\\\\xx}\%\Y=G3Ru=1 w<g\<\6k\\94\X\[1.,cyc0U\@zU(0\Pc\<B\\Z\;F<gl.\\r+\N\\~ty%\7<.8n!%\ng\\(#\n#a7c\rm\\L\\+\P\_-aZ2mk\\rF\\"80\L%\;2WqI\JTCRV\.\\\6\0dW\>\gQc\^J\\m\"9\s\'\\rsQ\ \9~D\r\L]\00)\\\i\\flLJ8\c	$G\j,j0us/\p\\q;8r\xHW]M 2P5\\	~%\e\\\1bd\tb\\3K{zDJ>~	\r/pY^6\\Q&*\\Z\\Z0#/d#Y2\\W:*g,w\\\\Ab\bl6\"a\]},8\nKy\\\ \a2O\2\nK\/\\:*\"	c\rA\bB\p\p\(rI#;M\\\N4\F%FJU\4\J1\\8s6(--Q|\p\3\-KLS`q\\T\\M$\D\DbF\\o@\nh\{(2\D\6 \x^dE\\hjRht:W\];+\0S2g\2\f\d\\)\W\k}\Gpn*\1\\Z.MweVJ/1\n&\k\B\@W\0e\.*\+u\xRF/\kX*qI?Y\k/\n\@\3s\g\<\\'<}\.o\dww\\6me\,.\(4p^u\Rmo\DNyR\vs8y\0t\nY9Bn6Z%OcuuLxcW\"(\rhh!3;91r\\A|GX$*s\{\	M4)\&m7\V	9OSbjD\vus%s\9\t\bl\O\#\<<4%t\DHXgd\\\N\Z!i \TX/\gI#\"\r\\'Fr\lc[\0\\?n}\w&Hm3\\x\;H+:!\4\\\_\wvVw\\n\w#6v\\\e#$`;rU:\^(6\5aQ@tCOu;C3\r\O\P\k)=$w\~^H%NW:\V\\"5Ayzt\\\)\a\9GAb\r\'/I\~\:tZ*tFNA([I	\\D\n\nBJT\y\\e\\\8C\w]\{\\=X2(\&p\@J\2\'d^c&6L\\\4X5\YA+\ZBo\\\$xz:g^G6rd#\1PG\q\t&\n\\,<rX``i\<\\$K%F\	1D\r4F\LbT\YU?G<\\_\\|>\\>wcvti\;\\\WbO\b-\0\\W=\7b/H-1\n\6?^kT;.\W[m\MWt]\3\W7\\G\\\-Y&|\W\J\\>\Zu+\\^J.p	\:\\7\6PZw`\t`6\\/	@\~5{W\\*k \$+j]7JB\\nJ9\\D1\i2f^U\\kaa,\e\SBRwnk,RW\1AR\\f\-2\nQ\FfEj\@	\t|\2\\cd^g56\yR\8hz\bEx\"\g\\\\|x\e\rHJYke[\"\rO\Ny4[Z2=oNRR\V,tE\I%/\,1	\na\\r\;*#74/\q\(zD\r	JB\v2\!B\\K\?\O?\i}\^]|\+w\\o\\io?~\C;\\\=\o\cL\|:;\GY[g\G\mf[\0n|\sT\/8Cop.[%+b*\z|YC$!_L9ds\\\-\\&5?$u\M\{x-\8@\!\{\/R\+Bg\g{RUaw6.I/\`\.CU\r,M\(C>\\=*!M	C?%Q\\v=i\\8{RBL:O>!>$\EU2\?1g&1\R`#\QE$b\KiRb#N;\\`\f`b\p^Be\\\Zvqfk6G\Z#9{E&r\$\8]P,l\3\S!T3k:>Q\\+^,\"<rZ<9o\<\,8!\F	1{uOO\\-u/Z^\=\\\~sO1#^Qq\SzEfd)`rH.|\X\7\'f;|\9gcYN%\\\_|\>>d{7>\\\7K`]\' \G5\\6Q:jG\[;Rz<\Y\s\-npD.\Q\	H\7^?l/\\L7\\\1=^n]0.Y\\\\9\l\<Y;J_X*M~\\j>ZrW\~w:\ZLpg\\n\\{A\u7Z\"-UtsZ!E0\\\XJ\:\IO`!%R\nt<\\	g\\_`g<!M($a\3Oy|\@Ga\87\\n\<%\M5\\a\'27\VVo<2o\"#\\'\\r&\jKP:O\3&ENRm9kj\F\qK\\\"5Y6e\i:GcHX \'wB\d\K\no\rp\\,\v\`\\e:5,\&\\I :	\:\>=\ON\\\)7\nn\e\VqWqg9+L*pz4Bbn[\\\m\\=\\\il8k\\e\bX\(	\4Y\\\SySl\6\0d_wp\\rUN\\&14\3\rK\h\\z 7\<w\\r\\	oLo\0F\'\n\J\n]_{uB<dO}^\;=\wH^l_,\R!/i\u\S\<d\`p\\s1pe\\\n\\rD]QW.[\\+/y4+\\\6F\j5}\a0:::\')[3B\&U$q\m\J}\'i9\\XnO\\xB1-I:&2\'LJ\\\nM\n%i\q]%rsd;?\ \&hZSz\$x\ZM\<r(c\\5\"<I\YS#\`Ab2\\o\(EG!p\&T,ag|d/`/i\sE\3^\\'*\N\8E:rFic\ty1X\A8_$\y?\\3\\/\	>4I9\\yvbhY\JR3p@n5\g\"E#v2sK\`\"\m3\Iy\xXG\"\i\\4Mo\\ml\6&\\\>\;\\'1\+\fJlUs,\m7\2dz2\n+\\+\]3\ @\\\\Jq?\wBG}UM\q\>\\{\\oV7~~t\]Gy\\\D,!*k<\\ka\\n\\Jj\F~\J%Y[\rv2\"_\ D/~\rF\&*kgl\](&H\\Z*N\Z\\0\'Z4T\\r\d:\\|\nzq$\0.\'\\r\h\i3\'\ns\	j8\dF12BZD(\p\<E\8w]\\0\\v&N\"se&\L\Yp4\!&\\2:,\\co8\u\\a\*g[\Zc2q<^7\zKgh\h\k*\t4y8>o1F9FI\\w<UY+GS/9\\A0 3g)l\Z859yT\!7#32cf\4\v\\l\k\"&\\\/\eM=\'i\\a2}T~\!\KU~n\1,cd0z#\w[R\wR\\F}\jl\9\\\\(=\8^l,\\\\/_\0l@W\Z/6\\\U\<\>z%\r%V\\n	\tcJK\9wf\RG\i\p\y$1uR\\Xi\T	$i\oVGVS\e[R[:\\\SXv(M|D+9_KxjHF\\@iC%J<\NFB\r\'a<\Z<\<\<c*P1\\9/5X5xq\\r&9\4$1\nF\6(2%o\h9Oy\K<[xQFe7s-A7\c&XCp\";t6\\u&\\\r<8\\\)w\nFES\\_\\\_;\n>\?\{v<&eDT\'C\\\X=m:h[d\`c\"\P*8M?gt	\\\\Fn\\\\\9e5![7\o~fVnc@\\^\{\/\;?9\"\DJ\\\'.auR\0bXd\ZY\\ \#\r2x\R\r\\E\^\E\[.l\}J<|\\]^\5Wde1<3_\u\\&i^@\VHk\\\%\7\"Zuado]!D6U\oaWg\%\Z \"\\\4+d/\p\$@\X\:nyu:%+\k1rrr\\M\\=ytp\'4M\<-8rk@O\2\n\HFCe\rBR!\n&E\l$\*r\iJ\9w\\h>\Y\4\iM\BVi8\DT\9\#\iUy\Y4)\fY\Y\Z^^7a\rh8]!r6ky|RSzC\6\\'\?0\O\wbx\~c\\\ws\=t\\@?\qU5sVc\R?~&PlT>~?_7\\fz>\\Z#\\\%\O\\MMY\IYN3[_?[ml\6\\9\\6p\.A\b^QE\^R\\f\=-\\ZU\\>f\c{<cc	\0\\\1\n)H%JHGHD$`#C\013w\9{\z\U{\\U{\s\xtvSU\Z4L&\e\}\.>Bp\\dO\u\!9\\i\$thz\\smn\wmo\\\l\AusW	\#M\h\0\%S\J@\\">Y\)\iSQkBRF\r#Ni~!V4FB-e`\=2\ra\\"P|7\\(\\#q\m.\s\x@<\JBlbPA\\RPXQd(K\dG	4L2b\	cxRa\ZaQ\\n\\\"#,T\\D&D\0+\n\8\\K\(\$k%#&p\=E\,\R\>3A\DU*1\dIKy8;\^\8OeOEL\7\\\\O\\%k*/\\\@qx\\,/:\\=#0f)&\\~\^}hJ!~%EcbkM\yFc_y\\|\	8lv\0 \\\+_|&O\"\=\D9\?\9\-a@Va\5\R(jm|X~\Y`6 \,\g\o\n>d~P^\5{\`\vxL\1u\k\_2\#T\t#	\;k9j\\oz\\Z(HhNxkRv\0\-]<k8%k\n\*K\!,k%=!T%c`YWcjv-YqPi\W\rPje\\Yi*y\\\\Z\\.\s\w/|\hG\b9Nyg:&2QX&N9vB\qc*\@\=7eAYXc1V)	\H,\'T<\sbop\\\v\Z\n<@t\\hB[z|2\\n| Gcp\XE{\E\l5\s$\xfD\QS\\*f\\\zR8_\\\\9u\\7~\o;/\\\\w9\\|\l$r.\<\3\\H=}q\\*e[\]|-l\S\\Dr\"W\\Ad\"\E8\0C;\0C{\o\\\|\\\\b^\/|\t\U!\\0\ \~WaQ\xO&h@yl\4\\4r?puAH4<\Z1e e\Sz\pE\~\oN:@\@^Z#uK6\"^=^\G{A\@Z\T\^t	**\"V7ZvYuN.V@BM\FY\;%U\"Rj\\\S\\\-x9\)\\\/\\\x\%>t7\"(2N,\<#\3r-@$gJ^xfYAlZVP\/g\CaW<q8r\ \'\X\n\x:\9_,Bh\\%vj<M%<h\\\k$\`\\i\R{1:=\	y\IYb4gj\;,\qd;jDb\?\goAz\i8\{:N\jH\,q\BJ\KgLGAFqD\U\\\h\\Dxe\(T\\()b\Y\\K&c\r>\i7{\\W\0]\)6IF\+\\=6x`L\ZV1ZZ F\n\R=x\v\i3e\s-9(-i\=\c\\\ZuQVQ\09\\rtP]\\o>\pN\\mtlM<Z\\0|I$j\\\j?0S~0\\\w\}\\T\n_OO\n\\ZHU\\\\\rMtS`w\!^\"\0\0 \0IDAT#+\%hU F1REBZT\u\\,\X_=\\\\\nJ\\F\38\'\W<\_\\\c^}o\#6iG\$#4zQ !`+\BBS\*q\\pf+\PsDVx\Q\rGO\,\g#Gb\rWh\,IPEDL\"\qp\dE8\\E8\\\KL]b \:2\r8Vc(|h@=/<U\\#g~\\8c\/gOw\'&~bGn\1sE\m_^j86(0x(\n\yI\r\';G\\$\"3S061$\4\NRrg)#\E91\\\4{z\n\?Io\_|\\\7~P+rh\0rhqd4>EEQy\j\\#Z\\^71)y7GUxnM/\vwY\\Q\{w\~hud\E:]\z\\XvH5r\r\>UYE7\rt}P$\vt7\S\z\ux\:\$mC\N F\:\\*u\n1!\2rhdt\G\hA\l9u_.+xB\=\K\|m,B\b\d\\\\\E\\:`\a\\\X_p{2\\9u~H $F\\)\P##\\Y\"c\G&p(#F\\!hAl\\ZF\r;b!&\(\ZaP~/BKX\\]%\\\b\C\nL\0kcm\ \<\<V\\81Z{/o\\~\\?B\\+J\e\\\rrr\hL63?}\J.\"x\	\\Ey\ <%\Z1sG\,H\rN\'Fy\'+x\\\\\~\~\\G\\=x4\fO_xW\\ONeuv\0 v6\ZMs\\\dRY&Vy+\R\MDEp6\BjNYpiluo>\\(ynvW\H\\eg(\y_vP\@\P&\2:Tg_5_\U\cE[kAY;j6T\TVt`ymf&8\M6s4\\0!;\rA	T*FW\nueBe\Zh}Jf$\gXS\\\]L\UU:\\bt(\ZKY%o\_.\"Ooq4Ix\1w\{R\C\N\rU}E8QN\\(bd[0%r/	h[#8\*\el\r\"c\"G\8\5uVF,u\\\YEE#N&Nm5fo]]\g,\E9Bp\E(	Rc\#\\'\goe\\'xv<-\r\E|h:\\Zw\\R)\r\__!i\3X->\.\<\K\M\\\;E\\'/\<Uav8z\;4\~|^	2\\"#?\\\\])C;\0C^\\\w\\\?\\\k&\;|U}\y?mUpJX]ilz\/\\46q\u{\\\}B\d\ng\Zaa\e\0|n\\ZvN5R\_n~\19{&\\V\=}\ \~\&c4\D\Jp9$f\Z\^\\B7;\C]C\"\LiF\:\E\J\PL\E\\\\,H/bb2\ZLbEFY~7^\"\w}\6NO9JSFR\dgQH\\'\		\\K\N#G	\\nDbk\"EA\+\2bbqy40\E	9U$qD^<$Q\h<\iAa\e\\#\,J8#R\Z\b\r<\'\r\Lr\SNN\d)\\o\\{ZDy9\'\	X,\)v\9*EgCTz\\1\r;sW9\r;_`$p,Gp:M\,p\s2LEx<\\1Xa\,\\0]\o\\d4b_XcPh.n\M\\XY\2jE\\6jt\\~\$,\n\*\k\\vt}\\3;\-\.x\~l\\wMCQ\!\MR\$l]VOMFP+R\tQ\\WUg\"#fECp6uZk~JU\<Q\\Z,s` `W\&u\ne\|m\!\w@kp\U-2\z\@I\\\\1uc\eV\Oq(Y	Pzfy(Je]TH\"aR\07\nY\"d^\H\\9\)\\D6\"g\ZS\\"k0ZIb\"k15\\@aqR:\,%<\\\	:,\'rt\P\\i@T\\P`\d\H$\ZP W2+ypx5\Rp$\E\x3/\\8\\3Xr\=_\\k\\;9d`\\\r1\r\\G]+\\N\uBj/;\AA_uah\\4\o\0BI-|P|:b/5\J\\4hZo\H7\mt?\r\\\:L\\6\F?7\\c\Yw\jD^]\/LN	+=]6i\ZlQC\"\"\Z\sC) H8NZ=:\\\\\bA\\"R\\i}\\\c1eYEF\)\\\'e\KgqiJi%~82fE\0X+p+\ryYb\\\0u1/\U)M(R\rL#\Pc*\Z_1D\n\\aG4`\&\$A2#-JT=/Y%e9\F\'e:\\Ixy{bx+e	g\\S&sY\%%O%$8x^z1aD\Q1|+Pe1_](gI\dpa\rwFSNN9Fs49.v\\:\09\\;x>{q2\2\jvry\3\\\\\6m\\q-<Zy\!\\~_[z,&}r\HJ(.0N!\\\\:\B~\0M|\J\Z.hK\c\\ d\zPI}x>\2\TU\nQ_wej\*%.\b%\*	\&\|7K&,	e\~V\\*!\\\h\Hd\\'iDq\tz\Kw_\\{/p\Xb[0cckM5\4z\*HS\0&\y\\"7-YNGcOR@p\0\"\\D$b\!2(\$Zk*C\0\g\$5xd=\'g\ZB2o9x\'\\bO\p%\8//\x\(pw\n\\JyH\x{\yw2Znqlb^{(2w\8c \<\WC:9&z\\\ZT\[gp\\o{^)|{\\>_%JF2HV\C,= DH\\4\r]H+\\+\Zl\c^\c|jN\0\M@VG\#}cp\[=>\0\\\_U\KO/BIk\0{\.]Wdm&\}H\F6zU\}\&\Vb\butaP	AX:Rk\'56H\YqI(t.\a\E+A\%be7T\kV)c\=J\\Z(\,x\\s0GrztM\	I;I\\z\_Y!P\Z\r8!60I>U\"(sDcg8 +|EU]\Qs;x2\XB \\bL\"\\EmDlJ\"g*\"cj-kg`\Z\'\\H(F\\(\\nz\\e)r\BQ(_\'9\\wiaZx\nhpd\)\8.\sQLFr\\>\h[.\\[RO\\+E3:\\\r[V5R\\.QB-\[\\r`S\P\\T=]y#A/m|\';-\"{g\vAmEs}\5X\+[\F\l]\rc\w6\\!0\F_;7\\J&I uz\R\(D\J\ZE\]\0~AHH]9Ja\X\>+MmD}1\\][fd^\\\VU\rb.s\{.F/\'\)o\:\\^\#/\H40v9\q d9!\^0,<^d<I\\"%6\vTgdkq(b\\"\\\S\0B\oAE;\xr\D\pb\JH\\4g	g\\	ngf<]HAqu\f.KFW\gg\\s\'V.5\hQpTD! 9\\.\wgs\\bP-\n\E\\o=d-8&\"5br\v\0 \l\X\D\2hotYm\:\*`!4!A>A\\'\|\r\n~u-|\\lD\-g\\\t\\\Xz-z7]\>\6DR(uwZ}[`\\%\\\u\4\&\f[VdSi\oJm.\nU_\8G\}Y\\6kAV\pYt)\\5~U~\r\\^\%pK\/K.f[k9s\\\\dzBaE=\\\xrE\+\\8\+\\mU|!\\:PhY\P!%\x\\<{>xPQ\G\"\Y\[kT\Z<c\[\Ur1!*	\Z\\9\<X,x+\y{F\Kb\"&#\\G#\!fd<\nLSS|8<4L\9	\s8nE\\\\\ -aD\\s2v,d<:Qv\0 vC\0b\"u\yFa[q\Z_\MR\\\n\nh\r\\a}~|\}\.p6}lh\[n =\\u\\\k/\\\\\\\0!\1\">Ba(b:`b`wW4\+n:\"vwA*l_z\\\\K{u\n\dG~\KVB\\_\bK#\\\G`\4x\@.: \rA[Djgj\\'W\|PL!\\	\d\#,\Y`EH\"\\|\Zc |P\nUr_+\%<y!T\\*J\"[\\R( sDD\9QCD^)s\\K\K\2T,_\\\$/;\\\1^7\zqi/2=>\\9\9p\\"<g\"!\r!&!\f$\=Q%|&\[\~\`D\\\Z\'\\u\Rq\\g+\E^-HZ\\s*~kBd/02d\\hc9\syD\:He\fb|\Z\Uu\0\uQ\'\\11\>H\\.\\h\\\7M\5\"\k\ Z`ej\hA7\Rf\rf`m]cb\^\.T\;M2\T\\\V:\0z\(vn.\% Rc\*Lb#R+\R\:K+DkLP9gK.\\.b4\Z&\;?2%S\\0\aVTT8J\ZPE>P*`1,\\\\\\#ku8\ZEu}_]\IJ piG\Bs\\GS>v|\\9\@Q\Q\|Pf6@bH\pgy \\rS(b9g\'#FJN1wF\\Hx\\\\Z\\\0\\n\~\?\\An~KOV1\\dn3\\'V\e\\\\N\;:Ur\t\_\{\\^\\-6\_	B\7p\(|k\5(\uAHxo\'\Z\\^q=\:3H]k\\+mS\n0n5]fT*\\R~IB.`h=6HCt\h=5\p\[tF*e5eB\ZZUfdSGJ\Y<=\\XZ`^8O\n\P R\\0P@(Y\ZV7@lT:(\0rQ%E\}\05,|Y\\Y2`\GZ\yHlD\0N\0NW\\"/j8u\\\E{x_p^:5:b1)fE^Y N\"\\\"\'J \lAyNC;\0C%\s\.D\m]	\V\n?R\\r\+fWY\@\Z_t?\{r:\:\0\>8Vk>m`q\A\\Z&\Ic\q\vK\#4T+UFS6	C\\|_\\\L\Z0;\mlg\V*\=\\U/O\	}fNu\\Z\\mt\7Wk\\HCn\"^\TlomkJ\ZD.Z	A\YYFjtYYX#\S<\\{\bE89\d\x|D)P9}=\F\<\\"T\\ZR%fHoT^{fYFCxjU\X\\$RB,\\	R\"kIbKf^9><v|hz\i4\&B \x0\xKn1&qG\\Y\^>\\.w(ytQp\	\W4\0\"hbX\\ZJ\'h[zJYM\l\\n$w}1t\\r\\h\\ZEiO/+~m\\t\w\V\mw\\"c\?\oi\(\?&\AuPM=\oe+\)h\cd3P^Gi}\ \\^ KC\BB\}fi8HTt\\ \\\95io\"MWdk{8G0^h1J1.jYYxr?\0QL0u\Q)\22B\,\n\, Jyrf>GTA}@\j}\0	-\<L3.\:\"\\9rWJ\(y<\6E^0;2qPfE;Y\\_\+pg8|\z!&\'w9\;W_\0\\<L$FHl\\IN\\|0\\0@\\\\\5Yc\V!H\\t7-\ug%\\r\ruZq\\yix\_W\0i\=4\_E\\I ;\\+X\!\5\\LUnU\>\{P\\"eC0\D)vvaC?yxZ\FvH!r\\lk\wi\v\n\M\\Z\\\\<!i\~Z\\{-NZ\\\5ucU/@T+)Exc{_3\\"b\"G\=\Zb]L2;G\xk)\\1i\\%*jR\(j\eM_\b2x&\VX.Jp\\EP\n~\,\k&1\+Z\e!\GEA\dy#qo`F\)y\~Alx\\[\LGBb%f\A\\0\\^ys\\}~ai<E_\\\{\\z\\\\\Z\zSo\\r){nrY\4=\zb\)\s\\"z~\\3\\\Ct\\\EzA;\>\`IRNi\	\z\Dmul-\R(u&VU\\\75\!6	u1\rX	K]Z*n\"\Sal\|7B&PB,f|y#&\0\0 \0IDATv\[\\\	g\\b\E\P&bF	AYTTC](g\iYE_3N\#GW\\\H\n-I\\E$.\d4\j\"aG\\\{bc\q{\Sl\|$\\Q\;\\($9\b\L\'8-\S\\\\O|~/\\7C;\0C>\#K#laQ\j*n\\\\'*\VUW}\"0|m\\ w\r8thmfx\)\s;.\\\r\!\724\?H\h\vBdo~![@\. K\'l?;e=vlNDt\\\\a*m.n\\r5}\fQ1\*fD\eT3Qk\4dE\T\Z5@Ak\\\\8/uVn\\\\\\\]\J0\0.\"b\D Rh\e\C`T*W%&(CZA2K\4*U18#\\\J\#\p\"d\,H\'\\"\\\\(\\Gc\"W3p>\q\V /x\\\i\7\:a\_x#!y\\NFw\\k_\\_?q\\0@m2\uodw\\H\_w\c\n\.:W\\F:.\V}6\\0fWSIz\\g*v->x9o\$\r\\\O\\\+?jcY\\oYmqm\'hwE\hAz@{Hg\>b\6\y\\i\7H\'mo#i9%2jR\&q;k\afwI`V\ZUJ\rSP\	YA\+W\e\Z2(2\L-GjP+<\Jyi\\n\"\@i(a!+]|4\\\\E,\'\\\s\\\\Z%h\e1\\b+e\LT9c>\!?1WY\S^8U\Oq\}\\\\?Pd\\o?:\\uu\0 vh[[U}\"bn\@@\Z<\;\ZL(<\n\^\({6q0\gG\\D\s\M\z4\kmk\n\\Hls#3f\W\P]Q?\#A\"E\\H;oI\w\\\Z\\\{\u(@P[A/\\rLnl\\"k\z\+\)\\\dXj1\\:C\'\"\rH\\F$Gk\%Rb\\n #(\nB\\XHP<\\bKdr@CJ2J\\rV C\ZJ\nC\\\d\\nB\Z /J ,&<\\\s\Q\K\	\9\{\<#E\4%#py\Y_Ry\Iz7\\}$I\ou;\;?~u\0\\mz\n \d\\~\Z]{Bt\tsd^F\r64\07^Jo\^v\nc]|yg\V?C->Dni\K\n!\V\q\\\n\X5\r\@!pq\^\\hb,\SsT\\66J=b\#\Z3jv\\,i`D8pub\kPZ\^\\8fD\\\E :#.o4\;Q\\\)\+~\I2\"\4IGc,AqB\=\S_ERJ\\\D<Y\ 11\"\:P\\Jb\*({\T\ [@\'1,/\JOb-V\'\m7..]@>5Lo~\\\amW[\\=\\\\/;\*2}e\\v\6g,ea.[\{]Fk+\I\K\0Dv\\4~&\v)o\k\%\N?Whk\7Hy\z\}\"\8~l\C?Wm1\q\\u&\\\^mFhEce]\\0\r\\*JQ5vHK\\n#A7%\gLl\",\\ZR\R_p<]\y4\2\\|T\\dD\"	\\$s\Jb9\8\"e\\r6q2I<\"\Z%(c2q\\nYQ0KsEI\ZQ\\PP\(\\\Z2(\y^Hb>vr\,\\%4e\F\\\\/_\9Z \~#@\\\\7x}\a@J\}$m4d/Yw\ZcYV\\7Y\J\:d\'S=\r\6\\\w\\P=}ue\\\\&GWtol\^\\g\6\NL[/R\L\0\j\0\\F\e5o>l,\\'\r\kK\ZY\\f\aY)wJ\{Bx\r*0#Q\)d\+5Q1\*\\b\N\\J\$2D</PkxeEZ\5S)iAVxDX,\"\8G\ZO\\ZFH1V\\u\\_q?\\n\0rh<FxS\\w\6\,P\-\^\y\gZvS(}YB\\j{d\>]o\_z\Z]\r0p]hz\1\9\\.=\\Z\joB\07}\].}\l9khN]7]kKg\\32x\]#\@BY\Z\\{\'\KH\Goj5\"PvfYVDZkQ\ZkqvI\\V\Zc\GC:m\hHo-i0T,2BP<5\hdTK\Y^`GOl# N\Iq\CJ3llZ\\"K8#\\'R\\"YLq\(\#pt4=\w\\m\o\\s\|\\\~\`\0iO~\\[|\\\\\Ad\^:l8>?\_v|Z\	\r\2$QB1lK\=LD\<\vY:U\:\{\d@3}.\\k/MvFZ eo5r\\\5-?\E\\B@\4\w\=!{\\E\r&\{\=])/w;h\\"m*^\\N\zM.Y[Z4oYmg5JT\\TwS]3p\`\axq\8]\4+\x\D\n+C^\<MS%\3r\\\Zl\s\\\Z\\\1\$R\0b\8N,d\[YJ^V\\081_L\\M\\`\0}\;)E\\bI\/\E&XC1l0J)fY\YDjJ\\2f\hs\#V9*\\\~[|Mh\"*\\HY\(#\\,\{Uz\N\'F\h-mM|\FGM{\\>t\]la}7e-;H\oT{&@ce\7\L7C49Ql\\\\hh\r&6\\Z2PC=V\es+\\\\)@HL\Z%k\8D()J,\\{2cDC\Z\\+3\J\\$\@1sf[n;\T/\#FD&\0\\/y4<\!\\Zn\F1\\\h\\XTUDd\\h(xI\\ho\\\\\0@\]>~CO\\\a\!L9\\%-#EtX%k\M\x.*\K\i)wUw\}mf\{\a]9\et/\7V1\LF_^LTa\\\P?\R6\\=rI/\I1\y7\\+\\ro\_gu\\*GUs\8S\Z\\uTKB\Rl8cV\uFu\\\r\\t\\5\*l6\Z\\'S\Z\\\n\ (1<\0\B<\\<\\Z|\n*T`\!\2p.\I\\;\\#^ue\\\`^\'OIJ ?}\\\E~_\\\v\0 U\T\\\\e|uf\	Z\oiYCIO\7\ld]\2	\!|&\gr)\8\rO\\-z\-8Gj\}+i\ZF:P\\7A\Gb_=FG\c\\"	\\G@jH}\2gIN>\Fg|\\O\f[\`44\J\zn&8ph\	5i\iGg\-\Rmmu\p\\0j0T0AWHP\X\D*7\*\8IFX\X\<D(Y!\\"eQL\I<Bqd8G\\\\!\r\LYR^<K\\H4\\j]e\xz\\<\_~\\\v\0 <\Z2s\?\}S\2Z\\\1\7\\\\sZ\0Dx\'\\psw\x7\i\\8#{\]--\O\\k\\y:\#*\eJ\\_%\\gI//Xfe_FSM]@WY\ZW\\\\Q6\0u\\bI\:aE\&j\EJ%pk\\\\KS \he\1\nXh p(\nBa,\dJYz(g\ZD\Y\p\<G\=>eb<\db9;2E_\w\<Pg~\s\y/\\op:\GO\G\O\qy\\\KF\\W\o\\|mCM\\'=|\7mM%\!\\\\\0DOu\\\W6d[lY\V,\!P\\JQZ\}ji\$\\NVJOS,\g\1\ilo\zB\ZO\|-\+\s+\\\\\n:\\)\\';Vz\r6\o\\x6g\fgriaV7!nl\,s\Z{@OYK\x\i>\nu+4H\<\R+\4p^,*\\\%EP\1k8[^8\&#NFSX\2\q \rM@\7~\\b\\G^wP\.\<+Y\r\D,o_\xHD\4=\O\\P%%#~\~a\!rh{7ARK2[w*T?\&;b\\\w\rkH\5(\j\dvKw[\k[FlWj`\~\7TA\FTBtW|zOp\>5\\\OP\F\65k6{\\a\nO}h\{o\C\:\w\\~\neTy\\!\eQH\j\C!\g^S\\i]\\i+\(\Z\ZP,\aYCm*RL!\00\S(\F\\n\F\,\Z\Ou\\fB\Z-6R../K_\od2\\\\\\\=?x\|\\t0_\1xNDxYK\{/``D\"\|\Z\w;;?~\go\\\[\\G\\6\\E?\\\\;\0C\nlOty|\z\=G\\B\\0lQ\r\\$\\\\\P^a],){f/\r\f\Ho\\]	=x }\o\t0\e-e\{Rv\\\\u%\\bNj\\\K_}Bl:hqN?th3SI\\\\R<bx^w~\\a\r\^01,xI\/[q\z`d6\>\rn}e\0\\2k\;\xN\7	l:%vf*5wRH\\\"\\n`L\\9\h\r(xR*ck_9HEa\->\}i&\(x6\*I>M\g\\/?\\\nN\g\\\EY\RX%#b\'y@,0-#D#\\\\~\<9>\,R\Zmtt\3\Zo`Uj%o\\\\Y\\<\yuZ\pb\\[\3mxMWir\n\\zI!\Z$7$=\Z\\r\rW@\yNm\\cJo\\\\0\cI\_ts^|\0oS	avmiHbu~\t]V\\0*]oO8c\\m\\\}\\m<#n,\\0tcKV%&\u!fp)&cb-^DH\g\KfE\i\\\'\\-2\UaX\\j\<\k?\_]F\iX`Vero0\'E\\\t$\"g1\=\>/qD(Rfs|\\{\\R\\CVe9\\zR]r]\W\"\z7sT\\\H\rEzsv?5?}>\U[\'\\\VWm\\n\Z[\roj\\=\6 };t@JiutBl}`ck\o\K\\mPD1\\<Qwha<Z!2\\ b7]\]nu\Y\"{T@\#\Z\\\q~\\;\Q\:M-\\J\]<\\t\;ET\ZBNA;\p\	LX!\a\J\\:dBLBd[@\hP\\'\8a4=f4:B\)hhP.\\~3/YDN,Lc\Q\l*X/G\0\F{y\,cji\HSx\J1\rG\\\G\5mKZ\c9\\uSUU`\?\"Q\"%TD	\D\r!\Z\\Xb\\nSKC)bEBIe)\\k\\\\j>\k\\8\g\\c\1\\}}W\n\\rr\QBKC\Y\\H8\'\\\g4?^9\\t\JX!Y\\i\^5\ww\Nb\\?iVm\(\y$\1ov\\\\ZKSD&%[5e\d<_a}>>PbvN\:\r5p\\\\To^qv	\i\\G<\#m8\[Lc^LWS>\\bg.\0#\\_\Z\n]\6+\V\|\rkw\bYw, Z%2\VK`bB)c\\"\=VV\Z.x&\n=\/aY\\\(>`==\?\}9U\\Wb\ii\(*\"?\0\TpB=	\a51\?t\y\\K/_\\n@n\W\Z/\\\]}\Eo\\\}\$<\bI\{\\\{l{7\C\$^+\TrG\EyNh64\\nC]S+\^R:&|Xc\B\+|\nB\}c\yc\x\2+\t,w) ~5\7\sv\1\\Z.\I`.\9C\\\	\'\|\*W3P\"c$\\\rwJ\L0FbbOI{Z\qV3\'v\\v<\Fw7\ [,!$c>9[o-wCT\rFuk5A\@q\N\>\0\5N|\e35 /\\h0\n<\\WGI|\<iL\\\\gW\_>c{\\\k?7\0r\Eh1oCx\\0\0 \0IDAT&d\Z9I\7qBV6\q\0\0\\\\`;I	z\:@\r$t0X\\=SD\u%\n\)\ug>mc\]\rxhcN\3\\\DG\\y\N.[%{\\{}ga+\\\sk\7.MI]{\\7^W/	/\^?fv\A8 \Q\9svr*9\-xy1)NZ\c\\{\^q>}X;d.-#bY\Ed@t\4ZL\4dIT;U\\h\0\"!G\\n^[\^X>\s\\\,o@zD!\"x^X0\w|g?\\|\\\0N@n\Wpc\!_\b\\'E\\\\e\ \0)\\	V:;St%R!o\nW\yJx\\K\V\\O\e)n|\\|o^\\[t\\v\\G\l&#\"}\ss\h/\_\\r,\c\'HW\pJ\G\"J.\\\I\k\\Z9I\]\' y\	x\8=\\5W\\\}jE\0D\\'g@\%u|fW^\_\,\A\@tZlK\\w2A\]\=4\\\5\I4(\\05	-\0\ yM\+xOxm\\'\0D\0\\N(>;~\\\\8Fo\O|\\[_n\mz;\Q\'r))S\\xL\\~\6%{\O TETk,k7G\0;\C!-{)S\EO/\\\Y}0k\\\\Rg<Rx>\ZGy\*;5\r\\9K\iq\nwOT`Zf%W\t&\>7Ov\\#\0\\Z37`cHg\,\,\&Da@	0	0DD7f3\(?Fg\ ^{\2\k\\=Q\7q\\O\\\\\\-{?g\b\~3F$\'Q\1V;U3baf|\OBA$,\ZPEq\0h+\0\#1?W	|\pwPNchx+H\0YO3%\\[J\'\\_\\}\_s\7\*\\\}\\\~\lx\/gD\]\\!s s\j:uNc\|33J+d\`>\"-#UkIL?*\L_k5\\|v3x\\Zi\q,2\L@r\|Q>+xn\\\Jd\'\=;\Jq\G2yCl\~\SP3\ydl\\>Y\ZNf{nds_dn\\HbB\\\3SL~\%\\o;8y\g\{}SKz\\W \ZV\FP9#!gc!\i~Q\\he\"\n\0\H\dDd\\p\	Kp<g\%\0k2\	\Z*\Zp\0\nNx+\Z4\n>\A\\'\A\D\[ex \+	\\4DK\XI\u>u(4\\L/\"^{3HNi*\\\\E$5b\\-J= Q\.\\$\9{\r!C7]+HV?]22	\vd\rG\'bo\\\/\\7x)\i\^*x\\>\U\wFz5clNPx9^c\l\kh^n+.m{\0Q\7P]{M\\\n tf_H>\\\<^o\N\#!\t7}Up?Oa96tkXdb\l^\xH7YOS@P<pC\\\"0)c\\m\OB5b\rE<\aaGvK\*&(\ng8\0K;<;,\"X\W,\Z@P \1~V\\0\m\A\*xeg\\$`&-\U;FWLqJ\'\H\c\tEJf]4Q8z:f\\"f/\"\JKCT\tnBR\Zc\w\ZI@Y\\j?wO\,\*NZ\X\VlQ44S\>/f\\nVP;\:\o)\%<,\%\]Zi(\'R7+nOTDOG<\\k\'d\npX\\2sdn\?\\iN\E-Wwyl9ryDArM#\\\\sM>\u\r\	t\\O:\(\<\1\"\\\\";i\2)0\\\PWLG\n\ny\04LqP0d\ZjiPmKSPp\jG\00\#(wwX r\\r\\0\m4a@y7V_\\r\-Z\f[Mg+&q\\w\6Z&$]\Z\)4)3i\ fiAhAs%mr\\\\\u\\N\\z-#>y\7vdY\+:bc\v\'\b\Zd\!\\:wI\\4%:S;AM\\/\Hu$\s\\sD59J\@zJ>cJ-\.\W\n\\\\5\EN\,!\MY\Q\0igp$\l\%Z\epr\\\Q\'9;\uN\\z<\#\Y48IY	\t\V\ eCAr}\\\*M&U\`O\{OZjQ\r1\Fb	\\"I0\nc\nD\C0fxW|qU|\\">X|*|-\m{\\\\;\iS5J+z\\g)phv\\\\BLE\\F\\'\rAX$l\"f:\n\d\\o-\0\g\0\G\B+<DPuL\Zk(^\J)lR\7t\p\\\rez\V*Sx9Gq\N\\\J.6\"\\\\9\U9_KG\\\D\V\\NK$	kDo\0D:\\"s!V\n\U\\\5\vf;\0LJLvd\\y\+\N.8\kr\SX\L\G\5wn.\\(N\~\\\c\\>^o&f\\k49\9a\#}\"\p65|\\\\IBJ\	MFHl\\Z\nb6Y@C\\R\|\\_\\\g\\*\\\M)nO\D\\UI\2\\\h\VSZ5U-,2^\n\\Tp\\l\ZbqiZcd\\01E.\Y_UwM5\Bb69d\\H\\L\hD=!d 	u[n!{MNrAO^0\uXn\\<o\IxM\bM2k\o89)T*)\:\2}!+[D2\8\0%)\\\\*z\|aM*f\S\\OoDV\\10\%s8es\p\\_[P6;e5Io+Qi8\wv;\\\c\~T\\\7	\\a\BH\g\\[[\n9L\ATR\\\\\\\=:X5\y\Ch\ a\0p\\\\0\M0U,PD`5!E\\\GO|pCx?\\sj@n\n\-r}xf\n\+\JN\\\fcY:\y|\\f$\AV\$C\@\"RQ1-AXN^\\PG	h\\IW	\\\\Y\1O8\M#K^K\k\Lo\l\IVe;b\h\.\9u\\I\j5oJx\6\\@e\4H7\d\dFMr\DPCr{9\\\m\j\n\nZ2\Q\'\09d\r\ai)\K\P37!\L\'\\GLFzak\4>pps^P\\5\\~t\\K\'\.0Brjexkb<	W\G\]\\\I?\H/\rws\)FYe(1\\\\r\J5?u\r	\3\0V@02C-bpR U`}\\t|vpz	\0U7\0rpE\E\ cy\4+nf\9m=I\1\eK\S`>G_8[q\\sI@umqa\\J\\0\Z(\Ah^tzF$\?mPc\"l\E5\\nKD>X_ia\Z4) \\\\R 5rJ+/\{g^e\%W\Q\\\{d)\\\mBw+\N7\*nVHW4\kg\8E\\5eG8](ow.\j\ _.W\\30\\bn\<-;b\\\5aGxl9pQ:j^	kpn+p)S\\\`{\KC(\=\Z\\\H\V8-\@Kmc2%6\\\pCt|>kqs.XEJX%gE\%\\"V3\\"\+\\\0mO\\H;AU,0jrH|z\2\\\&zK/\\\\\.L:\\\TE\\ne~X\[*EB\Z\y\vRjh\\0g	\$k7q\\\\"\w\]wl, \m\O\~/59_\7\\VE..\"[\\[7{wN\\\p\}7\\Pg0\\0hs;4An)oD{O+\rG(\TZ\\ISnM(u\4\4\ 4>\ou0}u\\9=\\S@q\\\"\\.\s\T\~&Msv4\#\\eAIg?\\=\rE\1+&q+m%-`Qk(6A\\P}n\\\%;<(NY?%4@8`Yh\\\0mO\I\;\\}\\eQ*9:xwY\'\\"%chW#\VRZK/\G\\HEB9\K;U\\r\\\\0\Z\1PE!K@f`.E\/iIB~eaI^\8\|\\'LnN`Xi%\0R\\R\\Sq\Z\Z\\\7O0S\\\J8v[\x\6Y#\\\\*\Z+ng5\X61Ay\*gf(S>4qS_SV\IK \f\?W5Kco \PI\\Na<wS\"a\j\\0\\*kT:\YsA{w\3O\\\'g\\><\#2\\Ox\ZpM\c9[CJ\X]\4S~/\\"$l\G\v1Z\dlo)3\TK_)\!\\q\y8\"x\\V-\n.X\\\\\\'\/j\\}\9\\\\{\[\C[S0VR\ZXZ\8jN!U(W\sb\\_x)T*j=[>[r2\d)/%\\35Qh\A!\Hm\i\\\\%c\\H`tU12X\b\\\Z}.By{\\Xu*;:VYdi1\gO\PHa \K	\w\'^EE\Z5^\#\k\nDI;}\AmRA+\\0\;\6-d\|d&\b{\^8l_G~7I&_<\'\QN\3{wqNycZq6U\z\m\7~D?\0N\\)\\\.T]S\\i\ZX\\\\0\.EK%{lR^=	lZ\7dv\l,XslFe\{\s@<,w(O\\\n\mrx \03\Z>|-8>:b1\}KOkBsE\rN\!i\kQ~\"\K\IB J_\I_@Ab\\U`Db\\RD4\\Z#!\\RW\u!\!\\)oU\\\nXJ/\.\\\|t\3C\~9\n\\\\PY\u\7Z\us\8t)Y.S\1x\$\'z\k)\8\e\>.S#4p>q\09pC>&\ej\;g.\\\8)\\M7;;\\\r\\P\\J\t\//\Xq!\t\\\7);W\-g07\k~\0g8O\}|S3rZ\\l{k$\nYaJuzdv\\\\EK6q\G~\\@+\0VD!\@U\ZZM cKjn\$\b&^\F%@$`HD#~V)\\0\m{NX%\\8\\\`\SI-:\ZsZv\/Q?b\\s\	jU\D\":]\nxQ\\/qZxR\ZDmNRM5X\\MRI`\hL2t*U[_i7\r#\7ZM\\\$B%+kEh)]\\,}m:\\Y4\V-ZqDq\\.d`db5\\D\\<U\\\-\\KX89\l_\\--U\'U>x\h\Z3\\,Nl\B3	^s\\\!\\w7\\>kCI;\{\?q\z\]\kD?y\\J,z&\I<\"K<\\'L\W\\\gFpm\\YGa\}y;F\0n*\d\q.+L\\<\G\\\b\z \|6>5[%\LF]hJr0\%M\r-gu @p(\N\0QM\`p|.\T0\r\:h\0R\nNo\\F*C~E+c\@4 ^th\-:e.gro7/\IC\&)\j8cLE~P\\\VB\l.\\e+\|C7q\g>\bgSkc\\\I\6cm&\H\Kt\~\Ze2\0A_\M\Q\\,dxn\'\\T<f]&e\XEr^\\k\=un{\0\wNT\l\SuBpb\;PI\'}i7\\5\f~\r~_wG$wT\Iq7;{hI+7zt\vF\z4=\\vr\hP\4\\bo\\o,\nA\dzrkZ\>\9@i\ePg%\\\LG\\A\\'\\\ym/[d60]z\\:einBa\\	\'U7\0r\\\Z/_\!bQ\]Pf2\;T\\\\ZS\\Mx[i\\s\F/PI$^p\\7J#!P\r8;\R\\'P;u\\\\n ,K*z~PCYAE\sjLDAhR\&m\p\\NLk\.95VDjK;t\rCyy9\(\"MrvUm<7t\X\\w9s\\6@E\}\\~\\':/MV2jYtWusF+zAl3wM\\\u\lAB*\\Ra\xlb.\9\\!+Qv+\\sc\\\019u\n3\/R0\]0N\'S\'R\|\Wl7R\tjrn\3>&\m[,\g+\r:S\k-lo?z8\C\\m:[VB@|R\gk<,?\\\\'{E|\nfa9@G\b6(uR\0\0 \0IDATI\>H\\a\(~\'z\\"vz\o\0 \"6Z$`p[M\"H@\\nDM\`Fd\\^B\J$\L~_M\n{\s]\U+O|\\M_J89\\tI\HP\KQV@?8kho,SF\\\2\\M\Mp\owM@x\\[L\sEVFB-+\}&Q).ePr\P8\0,c\2U\\=HIIqy^!lr\e\0U\E;\\DN5w\Ma)[q\\GSR\\v\\O5\\fSJ7n`\w	\ Kw*\Ze\Z\\\"8\MWRc@.\0\#\\A\}\\eF\$cY\4\"\\Z\E3sxSE\v\\~K>\\V)\\0\m{[/\!D\\//>\'j\ q\$\;\6\0.}\\88gZdP/aj0UjaH:ie\-H`%BuI1*\4\F\T[\E#\?,x,x!tVC\	L\s29L !(sg\'\[_@C\qOM\\\,\=3q&\+\0Q~_\x:an.tTz\\\>\fhM\!T1]G\_[Ze~\ZhmvyF \3m_Ll\ru	\\B\05]\9\R)N\{p\3\Z&\=88\\\\D/\g\\KdoW\vGA3\lJfmCxL=*\"\"_IdcV\\v\8OP:p_\r_hz@\zs|\D\<QHf\n9\\2\\}7\\\M\\\,\\\Q%0%q\r\\[WK\rF/\<AS=~\R\65\_O\Z\uQ\\Zp4K#N4h8XaXAD\'9]\\ru[X	A\p\hB(\#Z\C4\00FX\\\ZN,w\b@I \4Ya8ZD\\F\x\"!\\j\eHf\\\\\\IQW(d1F\\Zz.&XV\E\\JOp+:cfbo\ZJ1\9~Gk!5)Loh\{N8\\\\|\\d0U3v\>h>v.&s\SHM6!\slpltd\@\L\\\ekbnZTNC,b\j}w\O`$x;\\-\\\<\w9}!1Z]e\\:*Na\"\/{K2i3\L\"^5\\fd\:,S%\q\BISQO\ut:}\SflA\=<\;{ST\'\\x!5^&s4;#\U.Y[w=\\tSK\\X]oM+1x\\'I\n\B)f6\\\j3	[O\\n\xo\0\=\\IZ\^	!pg\>sV(\'H\VX\"3Y+I\?k{\5Q_@/pJV2\\8\\|e\fd\\@TJ\\! \'3:j=J|\\\|VT\<EK\\y\UDl$VD|<%\Z\Wut#\;\1\'\g+uz1b0\\"4\\\\:Y\\\*o=$q}e_;M,\r%1&Ff\MW9u\n\cQfPDe\\F4\UvR\0n\dP\<q\pce\rw;\\"W\j\pZ\I0zCu\#\0I\\YW\(ff\g	\hW\\uH\e\\\4|s\g\i>5\z]\W\\\vB/r\@\FN\:\Z\s\t	\,\\+ Cbpz@R5\\lx&\6kf*;I\v\\}_/i3#\k\(J\\Z\Gmi{\2\1Zj@ZjLj@n\o\\@\S\E\xnV{\\VUD\0b\$\\iAZI|L\b~YA<\0XK.%([I\*#n\\\5M34\Z\\Z#\;\z\\eC\.(L\r	0H\x\H\ \"@ `\0`yrKgWR,#\ni.)tR|C%(s(sB wy\jmK\\"x$\Z8H c\#L\'hv\Z[\YJv@1llS-\\KAvb\\lox8}&1Ou\p^D\gJOa\00X(Jo5\\|ce1D\~y\Z77o\>V\0\x\1D\\PqGj0\\f\\=f\`&\d\Zc%	\JKoR^q\\q/&\nt>\>h\=z^T\'\W\D\\\\0\\]} \\\%\]?\Of<\ jo,\eyAGRXtd2\+Cxm}I~rKtmn\\\r\'\\\\\k\`\q]3k\Y\'^\P\tI(\2>TX\hJ\SErP	X\\nQ>$Z\JKS\r\ x\\0\\J\rxq$XrBAMKd4DZD]\J2\FA@D\nf\\`B!&	`\\n\\\\hRG/6J\\mt\e%xDJ\=7\_z`QnV\\a\p\h=3\7cj^\rl\n\0$[\I`\\Sau-cWh>\m\"\[\=\E\5l\\%n:|t+7\>p\Z\\\`\a\r9S^yQ:\o\ks<w<a\"k24/l\\\z\Z#6#7kfj^1H\/dYd\n>B\Wo\nDTzDQ\'\\\Iwn	|\\'S\Od\nJyF\\1e\\^&\la6&tc\\'\"\\ {{\\[5 \e$\0\W`[pU7\0rx\\^\\\hHO3\rG\\Xa\\\\@K\0X\\@d9\\D\"N%N\0q\cTYTHE%\0k*\\\T\nN L8*N+q\\#&\Q\d\\"VdchY$\dH[\0F;\P4H{ =\`G+c5Hl\`p6\\O6l_`` \,\NY2|RI\l;:Jdf\yJfAP\2\&-(\r$V-	p\\L\\Z*DI\Gf@\2\,S,<7\O<D)E\\1\\vZ9lna(\\J1m\c\id=.G\O$Y\4=>in+\\\\X\\R\\X]\'\\}3\r\n\\rv\\\^\Z\*omsq~\D\'.S#\v\nR)Bt\8\u6\\jcs3P_\\[\n-Y;_U7\0rzH~{Z\\"\i\	./z\\rr}_\\Ier\\oGXg	#\\?9\nH\0:\H\Fd\;&\Wi1#L]{`Y.R.\'89M\0Oz\\0X\\\'5rsP\yt\_~c8G\L\0\\AVn6L\\!hKdq6.PJqH\8\$B\nJ\\\7\F4M<\\d+\<\n*Y\\"&[\d0%s$t4K{\K\|jm\2KO%\lM:\\L\\N\g\Z0Ud-\0Z\y\J\vk\\Y@w]+v\\n4N1\vB|\Jt\Z\ C&\\dd?x+!}\PDf(|T\xj\u\\i\w7g!\T\\,kw\\\@\SwHh:R,\\\0}\\MLD*5\\!1\\]!_\[x \	?\U\Z\\	\tuJ\\\&\y|\o\\#\\(\E[\\0\ctL$\'\f\9JYD?\$n*\<e\'X$\\\ :^<iM\ b)\[e\0\\m\1v0Cm\9H[s\M}Aw\C\nC\Dt\\5HIqOQ8;\Zf)\\d@UrOW\Z)2\\&Ye=!|6\\RF\\>z^f\\s/\\\]X4oN$^7%TJ2B\9,ES\'ZrTf;D !tS\P\\\d\Q bCTx\\SsA\\yR\B,f!>MV\u8M\C{n\v!\ZQg74i\'\z$\$(\1v&\xIT\ZT\n\"n*m92F\\!z\	?a\zC1XOG9\j@n\o\e\\C\5w,\W\[PO	W\;(6`(_(\mXur\\:r\c\A\'\*^\\{`\\4p\\\N\\HV\'/c\e<	\-YpbRl\\f\pR?E\n\Ei\;\\\NMU\nU\:G\rDH&j\)N<\VI\N9\A\r\\\x\&T 5[YXL&@m<~!@ZK\MD\ZFNZ\E\r\a	\V4ZcL5FkSL\N:5kw%H!Ot1[ST\f[l@liJ>D:28 .7\\\R\nSxEw\MuPqyO\\uQf\\\N&+\\F%\W\"M].:%k\#pEJ\ha\a7DSQB\t|@<@{}\\\0o$eR{\uBYK1\oo\v5^\J\=\G\1qwW-f\\\y3:k*HP\dX`!Kc\A\6\`\\}|2b\=#\JA\m`\`\\waYML?ac`^^\\\9\&3`8wlK!-[c\U\,\\\G\\\\0K=&\P\"\Ha>2SKdN;\C\n\ \u\UhtYs\\dF@t`\N,6\!187:\\m\_\x07?;6]\n^d)c(r\	f1KZCCdT\Z\ZT)s\A!;\$ joA&Y\\w\\Y\nY\jA+qe-\a,Jo\:\uym\\!\"1\\c\\\x*OK9\5\`>aKIm-~\&X7q@\6\ZZuK\3H\\\z4%O\\$8F\\\	\Zf\'\Wo\\rm]\;U|I<\0\0Vz\0_S;IM?\\0O\"i?Bxjf^D\\\\u~\\'\\\QZRa\H\jU\VpU|\t\\0\W\"}t5U \o\3o&`NvB\N0&^l7l:{dn&\36?\\#<|Ks\\\G\K\07F)\\Ae\#\&d]zz\\:\i8\0\\M\'O\\t9#\>$;\#\rQq?\zBQR\'9\:t\\\2($Vrr\q{.\NA\FuG~SV|T14@NF7QOn4\+<\\\l\\%\UQ9\F\!u;	_@t{\'I\L1$JU5\l\Z\rKXw.#]O15\dI\s\dm6Y\"adA\\BP1\Bu\1_tjGt\0<\)CRg\'1R\A\#5\746[btr9o)yB\\h\y}5fsU|\\G:CcI\M\fQ\\[b^G+~\\h0C\\\\ZT\]yJ1QuZ&\u=b]#I!\n\\r)D\_	\\\\0\\\0<yT\u\[D\[\0\n\u)$\\\>No?,O?_O=pP\R5yU+RB)]\"@\s9B[\'\)V]fZ\\\!`f6xnp\\\&%\m[A6Jd\01\ovE\\\\;Je\&\>.F\\*~7XZ<w \\u\&my8=\\I9G\n\V3tS\5@)\\\FJ\\nnUu6!^{b\!&\04C; -O ^\nqty!ZSkW@WG\?1\Ur\\\\S`\\\5*h%\\A\n7K1\Tt\\ZQ\dZAI\\(+`1Wr\I\$e\E,g	ZSa\" V\\'eO\\mu\/\TDPr{N%-/\@bf]\\\C\"J\\\m%@\"#)U\Z;\wRjK\K\$fm\GJ-k\\&\'\.Q\u1V5\05Ng m\Gs\\8\xI-\V/_M:6qS%GKVx\<0vOR\@O+\\UA\LJ\@\5RRsT[sbXm\\n9Wn\r<\v:eY\\\7\?\\/M_BU\\/mf)\o0d\\?;\|\w~\\O=\F3%\}@\ID@B\8\P|\W%W\I8\\\\TO<\#(\3\f\\1_?\\d_x\'{\\~\0]J+\\-/\:Z\\	X\ hm\\\\RC*3 R+^_#j\\\\Z2iP@<H\D7\3\'\@e\S\D\\\HtV\\}R\\\\0`\l!C\.(8PsAk\h {eY\\h\\'\'R,K\'O%A *hnk`\'\E\P!!E\\'MX2 \p\/%3I;\&\njj6	ED\#\"\A\lq:\Zq8\\\=N\1\3\\\/\s1\%M	\A`]h>E\C+\a$q-U\\h\EBC\sO\\\3uCg\\\\"\4NdfPF\\l*n[\\r\VZ\\\n,4KM #=J\Z!\N\9klA\\\b\<Cqm>	u\ndtP	B\-h\]ri&*\\Z\*LuM\H&\\\x<\_{^\\\0of	\?G{H5\\n\\?!\"P\5@5/\\>>\0\0>7~\\5\@qP$[vFi?JF7Sn]\C\\\9q\3\7\>Bf@W\0I\\N(Wks\\`\\\0\lz\i\.\~#\_&T\-\\'<\\63\\"\"@,\"\	k\}\k)9A}s.\\N+r%;?=\\0\0 \0IDAT-rqot\.\>ehnnEV5I`(\H\!O_2YsOyZD\0Xp\%O(8Iz=V$\\\Ia.l\2\\fBAj\- ,J\tI\P\]pk?=hx`$,i\;\\X8\1D\0b\	\\+@{\\)GP;DUO\\\;p8p`]\6	QMN\n\rOl8 K\\B$25[C*y\{dhg\\)\XE\\Wz\'.s\":%C]pD\^~\,:mZD\Zt$\\\\G\a\gp6\6]\\lD\\TWg@ \5\T5M	\;\\M.\n\q\p\RuXc\\n[OX0n\0\zU\7\0\\x<\\p9$q\0|\\n\IqUv\0\c4%YD~3\\\c?,\v\0\w\\n\\\?f\\\ $P\|oE}[,v\N\'e\n7~$VJR\Y\\&\\\57)0v\$D-\s$:\\T\\9\u d|7b\\t\\\\\\g\'	\a;sf9Q+8d\\\\\7\$\\^\"b]Z\Kx!OY*^\\0G`\<j<Xgp\v\0\]W\J:%~Z\)/\k\*zL\!r\,B\*\\Q:lqh8\n3e0\n^\\"\"8\<h\nL&\+A)\0S\\"\^\4|\n%C\NA@C4\a8\5\[\xJIx:!.\\j\0\0U\\'KE)_sJiU\$\n\00 E$1\Sg\'P\"M?W.O\nUK.1T\'tf\\ YA\PWiy*{\ZX.E20\tE!\B2\";\*9V~\xa\5!0sT2\Jq\\\\gCgiFyC%!b-7U\*X[0\ia,XC\%S\x|\C\0?\\OQt ?\\ul\\"w6?nf\\]\\\'`S\?\\n\n!?$k31\;\Zc\\\0d\,Ox6;G?,_\4-buai]\FVI_4ZcO\Z^}\\>\\\\k\c&2Q!<\&O4%o>?Iw\A\y\t\5da\x\\4q\0BHOkjS	\b\[\p\0F|W	kP{@\F\.\0$Lt/o0PhE/\\-b`58\\m\e\nL7\G\Z\xc7-?\A(4u\ \\+(NJ1,0QWVOm,dp\{\\03\/\C\<!xS:>54\\\\q1F*\\x(@E0[SQ@d\'	(\\"h\0Of\'*h+\Z<AR\nDK\?\nh~\HA\\`+W\Hj`Ba5]u\nWW\_]if\E(%H#y\`S\|@\rpl&\CJ9\0R2fr\(,9\x\\'kx[V!\0F\\fd-OlY\\4(T%c\\\0\zWN/\0\\\_Qg\\0\|1~ZDi\0\\\\t:/>\!$\\\M\0~U|67vO\?}\p]\}\aR\G*%a\7Pa\'*	\\(5\	r\ ux\\n:\\\>[\\n<\wg%;\\Osdg\t3s\U\O:\Zu6\~BG3\Z:^kP8IS\ZiD;e?Tc@?eGko\"\9+D\\\#-T|\	j{\Z{OK.M\uB>^n+[s\'\o >s Zh\<\*W\\Dji\'?&DRA\\\\Z%\l4=/\p8pEX5F88hF@(W\,c\f\#\	qM\"{	;-Q\$hrqMV4)1K\\SZ491fQzY\0TpV4{*\	g\r\\"/tw# MD,\N\\\n \EB=++*t>OTS:\\A\\"K9\\%<2Z9G0$\R\Z-/\F[.OFj7c\\\"4jbbOC]*\P\'2 H.T\ZBX@IBsqP\\": )N^\8\'\\\\+}9\\mG_.\"\\;b\\\\"\\0w\0h\!\\\h\ox\H\OX4ubLd/Pp\\\\\j\\P\qbg\ \r\w3gXU^\\aT\DK3\7\'\^]7E\MS\lT$\\n\\0>\0/gBlB`\50z0$;k9!fz U\nZ\Z\EVf\\\6nfu2,O\AH^;B\%\fBS\,0d~{\#qBJ\I\h\\\sT\V$7\\j>>T\F\rA!pU!eJ\"2\z2T\|Fd 8,\0[!\e\r\\\'\)Q\%Sr\Z@S\ZO$xw4l!\\r/QL\"L\\.MlbrZ3k\I\ \[.aDTM\f]yj]\i\\=p\~\z\]M\DHk\rY&5t\'fi:%PDi$D4hx:ake\\\cX< pWOX\%n\0\1\s\0~\wVg\\u}}8\3\0do;e\[m\@\\`fR\c\B9JhyTZfdpB=!HNW\hUL^~\O\72/U\?\mk\3<p3\+y%WMD\\x+\1\i\)h2f\)L\%l}@\VsI;#\Y1\AO}A:0#%\|`]|9)%x\&\s1\+\g`2\r\>\W\$OK\M ~u.$\<q)z.d-\d24iF	?1\e\\ V<cvuRE0`#V\0=/\LX>M\\'DG	t:\\\U!Aa,\a=\0gX;\\0E!w\dR\Ey\\'X? &aY0=\X-\L)\\N\pp L5US\	$d)#Ys\k\5;r\	\\"\\u,\(uQ&oc1.mbdE#\p| $Yi~K+\\^\W#\@>\0\;\y\"o\\\\\\OQ\m\|\/k\\ZO!w\n\H\pp7:\G\-2=X\r\\n\3Nrn3\\^1y\\\\]\>\[_\G_5\\|N\k\\vxW\\\!\\\\yrX:\v\{scz9\\\\4vIx\\\\nJSr?-\\5i\n )<o;.l:\je[]\0oqk\!m\\IGQ#X*\Jvy\l|( ,Z\/!$1r\nz%J\\\c HAV(#~\h%\0\\\Nrs<\D\n\\0SIS$i\-\\2\\	\Z.IDk\\\=	\ A\w\"z\Nj\2T#)6&IFK6ObE,\/!1P9TKQ\@\d<6\\\\5\Z<\Ngp\2`\\\\=\"\/\\z7q Wm_\S\o|\\>\>p\E\g\0|\#\'E\\[u\|xh\\!-k0&i\\\&ul8y\EX\\!. \_>v\ht\K\w-\'$o<9\\\\\F\R\W8<\\]\$\A\\\@\ut	#+\v{I7E\9\0\R\G\\b\\\\M\\E\Gkk\\\J\\3\~\o\_x<>\Z}\\\\\\:V \\\%[l-O\NP\\n\Hf\\\\i^F\\,\"|\$Qf\n\\$N\\\m\T3Dj(K\jiJ\ZUOr\\\!5\1K\.\\K\\"${f!2?GK?K0i\D]\0d\\\\;\\\eK#\\"J\)LGTMlRP,\"@%i#\p7)\!LnU*	0l54\n=DP\L3C\>\\j>G\zLP.Uh\4r=\B\<\9@\/~_|	\%\\h\r>\\0\U\w\aR\{v6\%A@@1aB\3\S\g\99L(DQQQ$gX\83]\\\w<\\tWWuu\~\}Q] Y!.BLj\.%u\0\0\!d\%6a\%w\0,_\r)^P/GM\PXzm\aaSr\^V\`L$TpVs/\wIT8 l\\0@\\@SO2.9u\rn\s\\Q\\`\\+.\o\S\{\p M@/)F-JtD\>=6(*o6e-\\\5B&!\\yoC\\W};l\\09\\!6s\m>\\k\d\[e;:\D\J\"x\-H\Ev>IdT\c\Y:SR\#8YQW\76\\\)\&q\*+O=$a\,\.GK\-Ng\a\rR\'\zMUKdx>5fTC\MZ\\\1=vM%\\YdX\&x\"CVI\#f-0\nB\N\4	2DBJf)aR\nY\"[$hAP-F2\\1$cH\\!p`V\0RvB<\-\\M:4M\\\\0,\bMnH\Z[jp\n\\\HJ\AR\e\J6\w\\\0C0Cx~`[\\C\r!092%\5\SK=/[\F.mq\s2\sP))]\\\8`\0Ua\m\\_!1\\Eg@/.n)oGd2dSlK8\\0(O\^ZC}\y%S\C[/4/m\#vlg\m\G,I\]\[6e\!dW?0G-5\.\'\;6	`\\\*\\\7B\\{%\\n~]\S_d\!N\Z\i4I\]n=0\\\\	RP.QdIv\%3\0$`\\H\bf t+I%E\\0\\"(JT\\Z\\d	7%\\V\\\n@r\T\Jq-\FU\kzYYY\K:$c9\\hz\5B=r!L\|N \0\nx,\l^\"Qfs\\p\T\\3P<lbg\k.\\\:\ni~\\~s+\{Cr\A\\\+\H$\?.i\&Y\y{\wt\uG$\*\-pL6}\\lC\Q9uE+^	q\W[)h\T(\W\"\p*HR]\h<*W\"#Yt\-o}\d\\Sjg#\{\t\/$\Zd:#\H\ \9(\S\zc{\\|$Eu\0-E,\#eQN\rUx*$\f\\\'Q3x-\Oh \[_\jraD\"X.\\-\a\M`Y	h}a\\\"\\3H@l,\LW\ZKSO%=x~:yK\\r\\V\,j4\i=srI\9];_-tZ^	\g69?3b\n\Me\(B\y\>hQ\0E39\a\\\n\\Qv=\?\n\mn\~\_\v)H\\K\Ozq;j)\0\jcE\f\Z\\fU/,R\j\f	SF\0\!\\0 DI\\ZC\'}\q2|\RQ2]=\=\r\&0d\B rw$h	0hT\nEFX9K5h=ZH\CJ\$\"\~5\\gD\"[\03 lR\".#\\\QP\"a\\T\\r5J(\lf~a\y+\VKYH<mL\.poIKG5|b\\^M{\`d~e\T\"\\0T8\\\\!Rg{X\T\'^V0\ \\))Lx7D}a\E\8\p\<8OK\'\\\\h\0y\\\6*YbO_-R_^E\( `j@	#\)< pYN&\-\\rMu$qg)NpRUP	)R\OD^\Zv&WhAB6\*JJ@&Q\jZV\0|tB`\lODC\\\MDU\0D\n|H\\n1\\-Z(\\A\|a92\ #^Z\x\\\&\0\\CJ\uDF\=],h~\\	\w\\i\y\9qi\rT\\38F? 3!\}z\0\0cq\@\"}\X3\npOF\wt4\0?><	GMzE\\Eo}u_}\\\0\Ns@`O\0B@d\kp\r4\\?Z7k\\Uz]\n\Ys2\\	\0\\Z{\08/\\\M/Q\\\\\\.)\q=0n0	{^M\\`?lbvjd	\\0\\\nZH\\0\i\0l1\\D\"qmee\\-\=\?_\\h:\\%\Z:yS%8\\V1E	7k{Ah\\;&\\[\\Hd}\\\\\\aBC9lA4{p[Er\\#W!|\\W!s5\M!c\V\b\f\\5oH_\\\\04#\\r52\6\0t>v\ :\SGJ\O\5\09\\6Va\?\@.\}\=U\nn+\\)\S(L;uwFC\S\D2T\?@\n =H\l(\\"\`.\>\2[;|$\ny\=/\\ GO\N)\\r\"W?\\.su\YMM.EBFVL\\\V\\n@\RJADO8p6[\\\\-\f,\0\zb\"R\{\(?\'\Ce=*\"{WS\r\\\'-\\\h\V\m-NG\\\\n\L\x2\s\=\'+?\r\'b|(\G!\	^`\\"\@\I1\\F\Z\0^`\\a\8R\\(c\n^Aa]v\032`\0\0 \0IDATc\{QT\lX\\\\\HD9M\\~\*\y(\\\_f^\ns 9\\\\\\:Ko\\\4m\R\h	N~7#>r\uXF\"o\\&\Q@s\\;E4m5\,kC4<3!\n	%W0W[B+\0\b7\\D-\!f~2H\\\]MdY3WV\\\]+b\r\"@_],\W\0TI\\\\q\\\\R\r)_\\\R\P\Zo`)V\7@\vhuAqv(jSr\"DM\Z6~:\-^\*$jj\PD]}FJTD\C\\[Ph)\\hJ\n	{I\\nE\\LFC^C:S9J	A zoms\0/T%\Ti*018\/>Rh^D=\ZiQ\t|:KrG7X\wQ\\Y~<E\\}2\\\r\R\\ns\f|\\^/\qfgrQ8Yt<\\/\\\'\\R\\Jk6X`+=\0AniBx\0C#i\]sP,Rr\{0-m\"+\OY$iRA*z\aU*r\\-\\dF\\\U\\\=s\Q\Z \\"\'\oN%%HA1%VS\1Z\ZX{\)g7\\\\/[Mf\"D\!\\\\\h\\\\d|c[\a\\s\\)mG\\6ExSf\Y\'a\ya\E \l\\\W7A<\h\\T\\;`\GA){b\0\\.D0I\PU]\k<\}\r\3?I\)\.F\'*MC\\\ 9\.\V\BE\8lP\s\Z{,xj,\\\0\ot\\\oo\<L3\n&?1BBq\\N\l\F5I\~V4\6\\\P \\k!\ \\rN`R\\kfA?g\\n&d&.\"d\nS^8lVl\0fv\QEH|\\\b0)_J\ZV\0	|tB|\\\WD\"C\4M\13;D\"u(G\@4HVae\L\"bBC\n9\\r\hdq\gu-O1,{C9m\P<\-iSCb\\sOVTT8G\h\T\r1k)CGb\\\\X\4|7\1\Yjz\=\\#\O<\r\&7FD\\\5GW8\8\ot\y\\m\!LE_\\\}0|\=@\vRB\\aX5u:?hjx\M#<<t3/UdL\n\Z&nJ\\_\\\s\U\0\0\>,r\t}Cb\	7\]!4\r?E~\m0b9\T\pAiPz-\\\rr\d\0k9\8\\n{\e/\H9+3C)sd\Vr\=\+s|VqbSW\& QJ`X\Z\\\	J\*0k5\\T\n2\0$M\he2EuC\G50dp\\\0pS^n\'D<y\E\\\3om~aU7V\&%%A@U\ f$H@!	\\n\&0\\:4KZ\it\\0J)&\&-\"2A\0{J\,\=\\D\\.\SV\'L\\`1\\g>A]7im73X7\kl\Wunx\\\`\\F\G\fl$\\}}E>\zd<\0\\\M\Vh{\E\=\' \\J\u\]\4\r+Va\\Sj\\\+r\O\0\\Y\aCm{>a/\_~+n\/f\"Y_j9\\K\?J} \KfpA\\m\'y\W@0S`G8\HHXh:QMg\oo$\Z_p\Ztho\}K?\0(\\=F\\\Xj\r}45\\UX\\8\\\\&=\\\\j\_P\\\#!\<mFak\[D2gx1YB=\R$W\\a\'aFZ\I\R\Fe~\\0\\\\E$ @\')2mF%AD\\\e\mI\0\rRA%\r%$Zk?ZHOR\-\l#;\\4k[\'o\>o\\\')Y\\\zP}F$	\J\0\" hs\Z3b`4jE]\\Hwr=[\?*l\0eyS\\\\(&aAVY7\e\n	/\\gf\'<\\-\\\,\'0l\\\-\\C\=]w[\n!|{\\\\\xj~[\b\\\a\9c1P/*\\\u\miP\$\\\W_\\aFV\c\;\/y=#\z\Iq_0=0\ \r	OW\\\`eoE\)^},Rv7^\O:.\\\\\G\0`v\a\"\r*wniA\]8fC# \0?\nB\r~6\r\\0X\4\s\f=\\\?`%\_z<Jtj]5\+Z\M\E*m\i;iH\b\G<}+ W+\Ij9\z8\meE-t++KZ\pW\uS(n;\4\\\\.43j!\bsM5\\Z	D4`AYEVFDf\\"#f(\!?x~Yk\G+\0	?\\-\a~N1\7E5k\0|\~cD6\\iU3U\\c\n\ZD#`eTz\d~F\ZfyQ \0 \.D&U?z\,\\")\\\"(b\\0A\\!fIt\(\\-rGQE[\9\Q{\\\>\a/px\|\c/vr\S\0J;w\>nBF,\Yh\T\rXD^Savt\uG\C\\/\\w<\W\\n\\}\;\yRaRPL:0p[h\(\v-\0`ockoa\\{\'=\_GC\\?y)\\\S[At!!{~h\O\\rY4%\nP\a%@\\\e\5f_s>iF\Z\\I\M\\_\r\7]#\\g\ru\0\0\?\\\Pn|YM\\4-\T\\[\h8\j\\=\r6$@\N8\'\,/~&_h~N\'vk\cU.\\T\'\$\\X\\0\g%5ffo\0	B\Q\\&aBT\Q\Z)H)hRP (! \\\4\0%\0QZ5\Od2\\\y7n=\\Q\nqo3J\^x\\sI`;Z\\dCMOTA!\LH\ns,<r\\b	\Wn0P1Kr\Jc\CCY\[B2;\$\\\Ig\LjM|\\6)\\[!\FI\OBp\'M[JJ\}\)|y\\r*Z\nP\\k-s|\\\\K|:\{\,-VY\A&sRt\kO`\+0\\H\b\\1Poo\0o\\^t\r# f\t\\H<<\D\\f\\u+f\xz\=2\\0NzowEibD HMp<\n91V5_z/uX\t\|xc?\k\}m\\|\\\6jOl3bf\e|\r\\Q\ <o<gP\Kwt\e\\0*\i8(\,\UF\0{\p6 ^e	%`:\5v\\D0h\HxH0\\9\\\08t\@\Z2\UO\"\"n&*s\\\ 4*jl \0$hll,!\~_Y;w?,+ID/\|>a\1}\\5\kU?\D\_#\r($ Ml\'y\R`e.\%F$$CJ	E]S(+TR2&B\ \0<K\\\A Z\3dOz[O\Y\@X_\u\W`gC4E\(ShjM*\7\\\\gMY\6\\+\ , ,k\6q\\b\\? T\\\yY\&>\\\M\\s3HL\0j-\0dv.x\<=v\=^{\?\;0I\\\v\\g\,[\\Nj6Jo9z\ZwL2\^\2b\'v\\r?B\\00:\Ls\>{`\7\c\\\"\\\"w>e\\\\\3R&5^\YM\'Eu\\\w\/\\Ls\n}}_\V%nlo\GSJ&\\Bfe\\09\P&\)bs2ib@\:\\1&UF\nuPjc+<h G$@-\\:)\7\rKRh\_|.rc\~z\hJJ.	\	DSf-.F|\Ba2h\"01aGK$\K\\\"4<l\(b\7@&\s:\\0ZTDY6\\\,G\pc\wnL)|v\=\#w/,<\~w\\q\\3;q!\UFXfCQ8i(n\s\=\"\0\wC\{A/)\y0/6BQ\!?7tN(\\w\>,]/:`\u\\8u\d,%{G`\\\\\_\\r\W\\\O|vAN~x]FnQmy+8CW\`=\00g\S>\[|\u8p3\=y\Zkj1k\\\n&\%Q>p\f\Ma\o2hTo-Y\n^#\r}3\z?B\0\<G\\ a\\;\"(D)\~sU?0\\cej8k?\p%a1jPN.M{$A\Z\/f\Z\5%h\WUF\F\KcuRDt^#Y]\oCP?V\7\~\?(/`HBp\\fA	kaI((%\l}aXBeVM\OU\\\IlGP\\%}:,!\_RH\Vf\)\0\c\	(\\&\\\\"\\\J@AF\0_\\{K\s0\!8n{\\^\ l~:\6\'|.\0~\|r\\\>\(	\\C\:\x04\\\\n[\0\'\	+x-\ \}y,j.\m6@7\_\B@oBMJ]\\n2WMg~x\MPP2(B\>l7\u=\x+g}\{\O(\\\v\{ *\qi\n[TttKas1Sz[4;(^7pY;Y 8c\2Y\Qv7E?\r2k-\\7:F\\ZGiwB\'Ld0LLi;DB9\Z	6Lt2&/%J\ZA\4\r4\L\Fq4Z\\n\rZHZAt-yl&!(>\\\\1\$a@VS\\Z!^\\\%4\#\^5\ e-PYA\,\^G\n\0\\`&C\\	~\"M#gpHRP\J\rR\\\3z<\Z$\??2aVM}\!\"!\58\Z7nBE\\\\BbS\Q4+\\u\n8z\\ !^\\rt9\00\\ v}J4(\\\\k\\X2s\\\\\Yb\3\G\\\g\\'\QiL~,\[&\@iP 5s\B\e2\n\\\\\0eNll}R\0\2\\\#o\Z]G\\_\Oxf.\":\&\>tA0(\\\n#N\!d@\{\F|NkOp]%U((!\'@\@\"H\*\\'h\%w>6F\w7\2R(\\r`[s\%!fWI\I\\042\@\n[3\'\ZVT\r\DT\fy>l\'\ \0#\\ZldT\"	V\PZ7\Zb#:%HY\Za\m\0$\q\\\\\Db+`,f~.L\,sk\KL>)}DI\\0^p\SAn^NyC<\"CwGvY187\\{q5@\\#\rlt %\\\c6\*XM8e\g\rzqq5\`\_N1T\\?\s\'cq\ri\?b-(P\'\\74\!\E#[?>,f^g\{\\>\K=\03\n\~a\ZBG#Y\\=\7\\A|\&\p\)\\8\G\9\\\\\\\O^\c\\%\}\\z02\\B\"\03]7\\T\p\\D\}\(45j#q\\\\ya\F\\\XS\[\\\sc\\LB%A\UV>F2\%&m\\\Y\\7p\\&\\F\\5?M7\n\\Z[\\r\0\D\D\S\\,jZ>m\Zl\\i^:w%$\|\M[\6\\\]?2o\3..5\>ka0s\0)H\\04A&h\0\Zj@d\ dp\nN2`J\Z\P\x\),6\K\(A\\rA=RizX\\x\ZT}h-\l=a~>\Z\T|~[~mEb>\HB\\Q7\\X)<m)=!_}\-)\0%L\\#)AN\6?\0\MR2O1R\^\\\\z@j3x@1\\*n\*EJB<w>{\6n\\\OXOz<I\\\Qp\2\}\}Q\o/LIR\3z\n\6t\+\\q?\\'8c\T\QX3\'\)F~SU<7\0>(\n,\\a\\n{H\\cS<[!]%E+\b\\aagChZR\ [)\	b[y^H\HQ\/<ej<\a	jz@\B\ 	UR\>=^!L]\ _Q5[\Zd\\J5D+_\\PrV0a\/\"\Lr@\g}f`s\n1bL1s=\jS@Eq\"n @0jsd\)`3cUNZ$T\\Vy,=\5\T@U\\n@\W[\0\s~YS\nGh2	$O{fOAACP4@@A+4\Q,g\H\\sE\\O\p\6+\0ON)y6y\Kv\0\0 \0IDAT\\\\v|q\\\Z\\;]q\\`\5v\p\E\\CQ|%d\1\\0\\E2Dq\n\%\xW1a	lDQ\Z4\$\'Cd\<R\g.\Zm{;\wo1\\\^<\\/R)B\737BZ?cY6p	\Zmq3Rum\\\G\Yi\Z\L:\?\\"\\\w\\~.\A\nyFG\`\1\\@46\B\\i`?\d\r6-\\Ivtk+\\S\L\'8`E.D8T)e\SDvk\\1)\B*h\U\?EI\z	5\dDR#$QR`\$4N\nB-j3\@j\0Z+\PG:j\,)	p\	f$\`!(\Vh=2\\DD\:\0$#E\\-\l\\D\F\'\S\ERjRi76NI{>\\,6i\Zh*G!g7\\%;\"Z\Z4\]H\sn4Aj3}4K\Wgz\m\T\!\\Nh\\\\a)Ibq$k\\Pky2\D\\spFh8G\:)vH!\\\)+.u|\txFh0s1\\\'Oc\\\\\qL&8\\nM;{\CQe%\Z7Unl\EM\\(n\Se\Z{\\4/95\G\~\\0\|\Yf.\Lx4I*\\\\0\\\(|F=\V\(j9\r\,\>$.yiP\\N99{<jW\\x,\lw\\\^C\2\P`\p\\t\Uz<\9\0CNxrb1$$\\6=j\=r,CFQ=vm\h\}v\\08\n{R\#GQj-f\x\A\\di\:j\'\0\dWT6\91\BD\ 2Es\$(!XAhh\4-	MK&	V*#L$b\\U\6_h\\V\\D}\&\1\f\)j Y{y\\\\R\\	Gfz\\0aG\"d\(\4\J\0q\+^l\=0B}QJ)\h\"\Z\n8%2e5Hf~V2v\0\\$\<K[B3l!\G\0d\ht0RZX\\\oeCa>l0%\qJ	e+\\s.0H\\nz\Xt\cD$D^^[;Ii.\q\`t\qH\\\8HZi	\h?d Anl\Cu+Vc[b\b\\y9y?\D;\!=\\\\:(#!$\08P1\5P!\0dYWU\S\\Z@Q\u\X7g.^|\F\}v\\R\rq+[@@Y.Ae\]B.^\#eV\\a\0x]}=^\x\&<\i0\\8\}\.\\o\!.J5U3\u*7\\\Z<Wt3\~\i\\X[^~F5jD$IWcGg\k\0\n\\/\@:\S\[\n;\\\\r\\Hd>s`IPLVa:(V\VdEa>=11\#P\\I\)A6`\Z 2X	R\n\\V\+#zK:{D6LgP\g\%\ZQD/v\\"E#HP\6Y7Qg\kJ5G1sr\"\N\06\01F\0\\0\p\\3\0hWP\^\\0t]\rJ\0]5m3:\0\y\\K[\"\`g\00K\0lU\Yb,\r`k\w8h;ly5M\r\0\\RfE\\PB27{<^\t	\\n\EQ\\C\=\\>Oa\\\\\f6 j\\\r?\alw\Q\r\>\W\WC\0\0^y\Zw\rBFG(nW^=\u\\\a\\\\Y\: \oa{nB\a}|v\Y\1\c4#\gI\en*\Z\_+\C\4|t Y\0X_S45\oIxa\c>\LLK>\!H\\n\Z6a\\\b\	G\o\^S\}Q|^J\e\\`[\_!\sFzALBka5c*S:3<wzj\!4\r&OE]\\]h\\DC`Qj\\"Q8q*\w>\\^rR\\ZE\n\r\~\\Ny\I^r2\7lP9\nn(` tE3\I\Uo\fQ`\"BMH\"l:QBHh\Fz]1*\VmX0\U^z\&j\`@ Aq%8n\ZSl\\O~y0ZG\\\\K*\\s{M0mCDER\q\o*\!\0%\0\P\/B\\0B\\\TTT\0\\m{\f\0GN?\\46\|\0\Pat\4m*B	\Y[N\C\'\"\bEq\Csf\\n@~c\-\^Rp.p3\EEE>\}\\i(KUX\")<.\?}ot\IG\X{x<\*0{\}X5u:87\\kU@-hjA\0D&XI\\\}=\0=F\\Z\Gy>W\\3\)d;Nu\|_^\;\k\o@*@\\}2\y\n\ {}\-\{oF-X\\{<\\\\J\k/<j\9\c0\-\0]%FM\z|\1\1{i~Z\QTV	p0l3QR\\&\\\(\0`H\9\\b\\?\0\0~d*jY-\\\@5m&i)HI\0#A\_pzd\].\\%nu \F@\rjf\U\t}ds4\_=#Z\-\hNjA9q\&;Px0Pq\r\"F@@1&\d(\qK@\Z.ti\oxc\}\S~;k\\\]\\\\&h\gx\\\\CD\3DTaikj6O)u-\0OMf\1\\4\4)5g6\WV\!o\Of-XsTy\<\\0\u]W`\?J)\B\i+X\*\".\;w\,}\\\\H$r7\ \\V\0*\\[S=\1Wq \0{K@\\` FpW\0mX5s3$f4J\o\0p\Q\\\\\{@\\\\%v(\Aq\<,jN\\\	,\Y`\N\KK0\\tR\ju\{\OhH\D<\x\\\X?\j\r#!E\\I\qMPO\c\\\xQ1?v\\\+NNzHHd}b_>3P\.	\3>=O0\ /m(1\\g\v=v\\Gu\u\\\\0\\\\tOo\\n4$\0Ie%\uu8,\\\nVJA\";\@N:PC9\0X3l\_\E\"\\\3A\0\\Zfc\k/}J6e\\\\X\ZX1\[M\\y?m\\Il\\=T\0w\`f>\<;{\vVD\y\"Ri\\D9\\g!J1B\)0\\|x7-!\Y\0.k\\0Y\0^)uQ\\0mr|as\1!D\3\h4\f`t\U\Rd-d\\xh0%D|{\/B\EaOe\Z*gFz\ZP\\\|\~>$!]\ND]vu@\\"RVwO2Ocg\y^JJ\}\\4[tu\r\_\0|i4i[\CaM3\\/|\Zp\rs?C\\00\0\3[\f\]\\@\\a\\a\ \"Lc\"\"Ja\9\\N\\HT\zg=e\Mo=]\+\X]: !f\Z\\@O\8\'\(\t\y)||\51:\"\|yx\?c\\l\@\8\gs1/C)W\T\'\"zz\p9=\I#Y8\Z$,!\*v\?S\9aB\q52\41\E\0\4\{QTV\p\Sn$5\!\\0:2K\\m\\:v-\|{\[\\D]\max2	\nF)E\Z&EG\0\\#H)\H$:0d\\\`\\'\0t\zHS\0\\Mdof~%\\0e555\\j@*`s[n4DX\H5%0	\C`;3\caxKI\K\\R&z^\\`\'\A-^\\7T\4@E,\y%u\6\2\"\\Z[K>\0\0z\X\\aYrG7{\\D]=f\z\\ZG\\\WHh \zW~:\rkC%s4\IQ\w]u34?\wS\KaG\\\'|d\4!	\\.\mF\\o~p~\\]\Q{\0j7o5\\\^\m^\ow\n_<!l^\00[0\\\1(7N<\Z\U\0p:d\0dTS\>\'\nTS%6\0ig\\ZDcMVVR\) @\0\P:	P QVN\ZD\r\\\\(\]\0\g,Q\"QohuZ\`?t\\\\0#a5,Y\"\O\0f:f~-lO)%\D4/$0#`E\Zv\Ux_EDtF\ekKc4M;\M2\tB\,!\\|WNd\\0HDG\yz\'\@!\o3Dtg@\>D-\QA)dD\\\\\`~Ov\\\O\0)\-\\R\[$\t?\Z\$\\`\\m:(z\R,	\Lzi\\|yB0A\KAD(3_\,^IcQ\\9\lg3NF4\^\}\r\s>`\cV\0}\\z\:\L\E\7m[\=?:y\b\ao\Q}%\NFePBy	bW\,=MQJI	\'B\\\\O\$H^\A6\\:\n\\k\8y+\0)7zK43\ysyG?s\\Qn\+n\\\+-\0D\H\\\`\KPz\(\\>\0`T\\"F\h\VVA8\\c\^3o>&b\ya\\]?Mc\G\\k\\\c\(\\\0:	b;\&`)7#CI`S\\0$\`@\$@L:iIu\0m6	Z\0\w\@A 5PR)RBS&\58\(b\?`Gw\"\2L\4mu\\\{#Z@X\V\K&Iq+K\0!4\lD|n7aJJ1bSNy3\IR\w5Mk,\X-!#\nKmwer\0Qg;\\\0\n B\0te\\'/Dt|>\$3Zh\h4\\\\?\{f\\0!^[\\1%\\'	TTB	\\\\{\A	\0\:a[J\Lv~VgyQq\\/k\V[d\c\Z1M`\OBc\\L\J\\\0	`\"\vx#\\u\0\Zcb.N*\\n$Fi\Z62\0+N3r\0>+\0\r\Z\0]0H\G\\14`v]jFJ,_\n\+G\D4XK?uKVB$yj\0\\=P^^O<\\\m\!\r<$\,`[uU5x\\\6\c\?0o\>7\\E3f\\B0a7TqU=Q]pSk\\"rt\\7\m:w4\~$#+f\\\Kx\%E;U\c\.hJJ\Zq@NXx1\\^#vR5\\:\7~\\$H\	;P\\AK\n`P\L\$ 72&IDR#$P\wI3T$7\<\r\3k,jO\35R\D \'/g9\\\O\y\iv	+t\CJ\d2I\1\3\:&1C2\\UQ \0\N\0p\L\0-Y\z\r/\|\\#Q`c\\&]PX\z\0h\>\\\4MU|?@\0tmy0HHT+i1 bL\rWb!\\?\dr \rg\\LR 3\\0L\GY)vwl>v\Z\n;\L!@ [wW3Q=133 $51^N}V?R\\Y6hA\_Q}d\	G&_x~]%\t,\D@\\\(\\\\\\'%G#.]2#afYQ\l\(\r`AI:X.KjF(\'`2p@\0d\0r\N\n$\[h\\VV\\\f\fm\X[5kBS\"IBiL\0$\KtE\M.v\yg/(z\ZGg~3	L7A\YIe%W\\c:{\">vO\\U\.\\\~r\r\;ndq\r\\\&\#l]sv-r\S_Yf\Z#\_h(Q7a	\e\.bI;\\oiDt9]\0\g\\3ZW\0Gm,\L7+`;&0(]\n_%\24\h2\\\^iiz\#+E\-)epw$1?!\x\\;&\g\wp&BMx\)>*\\C1SS\#z\\M*\#Ps7ZL\\J\"E)5T_3|\j\"&^;<\SJY\\c=OBesjgy\{o_\\O_y\/bf\\.PiqQFE\=wkV\dt|BHJ0\"GIS\\R`%`R*\Z$+%Y)&\\\\@\"\0h\\Z\n\\+-\$cIVqU\\]yT?ugXA (B\q\(11	q\\hFAk\s\ZW\\q\\r\\P\dgdf\:GWc;vO\[~\7\\]u\TsN:GP9$$\{%?\EC{PV\\8\Dt\\nDO\uO,..GR544!8^T\"h\K\!DU\0\:\"\KD\kF	!\Zv`Yr\-\"\\"\~R\`c\ZM/QD\"O\9\';\eS\N:o;	!VB_]\\K)\\w\\+t\\|4\0\0 \0IDAT\*\"MDz\H\G|zk$*\Z8D\y\Y@oRj@4\Z\\n!\0pip\N\|HD\|h$Ys836f2pt!\\6\\B3{\? 6B\^o\\\&F_J\RE%}\6\qr\\\/\OIR$.D|\\,\\ +\e\\V	A\\n!\]\	*MG\I8q\q\Y81&+\i\V%HI,\'J$=\D\L\`\"Uux~:u=Bv93\=t\uCH\r\\\\Dk_\u\]#H=S\nn#=KEd8\\\\Jz\R\3:s\/H\2^!,d\BCBq\\\@R\~}\\\e|\b\8?AD\N<uQE{\\8\\yS\C)B\\\\u\\y\\nH_`f!OR\~!ME\9n0\EB\\0C\`2y\\Dt\zmD\8,:\\\\X+\\x\M1u!\\\s\\\Z\sx^\\|\v&hS\\r\0Byk\\\\\\\\\\\^\?\\!\\\ \"i\-\	;,QJ\r\0R\y\&u\0\\xW\C\\	 V\N|\n\0J\}\\g\)!\\`\0U&g7\RCZ[[\0\2V)_m!\\\\04%\4YJi\u\~zM^\\rC\0KkR\|8\	mB,&l\"\Z\n\ES\r\\	\\\R\0`zR*[(\\0^\Y\\w\\\\"dS\+\\\\SS#[\DT\;\\{677v8\\\WCBAg=.\"5k\\Q\\[B\X!.%\"	\\"??Od|fu\3Lq+#ro\"\Zg\"Z[[g\(8v2\B?s~%\"z:NP\\\\<\2z\\ \"*m@\\Xf0wCRAn\"!\"\\r11Dt\:%w}\\rEEEEwQ13\VdZ&yvn@\2.\\`0\0gh6\f\0e!h<\p\_k;43\u\0\.\\qx@aW\0S\0`Ui\G.\s`\r\\0Ax\'\\0\\0F.M\0B6lX{wT\C| 7 J\0\\g?[\CR]:\;>?\>\b g\r&\z<HD~\06\i\\\0n&}\ZUJX\\\5tO\2J&\'}\(\[\\\0)\\md\y^\!\0\WIS6m\$\0<hr0dc\@\swccE8\\n`e\q}\u\0\0H)677_\0\0+W<<LX\J<jz\\'\\\\\73s9o1aA\0e\0WUU	\0UUU;T7*\GD\"\5R\0	\n<3Rj$\0\{>xCA\\\g03\m\|?\t)F&zW^\\0\3eYh>\hbf\g?\kU&f\\KR<`\}\K566\n\xZ\\F\\\\06K)F1\J\B^\02\v>\\\L)eI;\\\GR\\Zp,;Gg~UU\\\\=\ri\0N}\g\r\\\<:zS\[i7n7.a7s\\SVXqg\\\f\K\Qq,\a\r\0\R\\\o+#\XJmR\0\Xf>\T^\a\{\ro?\Qo?6)&\9&]!Q\b_Lt\r\\'Qf~r\t\\tE!x<\\W\7n`\\8Z\0<??qG8,X\;%\\\8\\m\h\\:\bWG\"94\n!&_-! `\F[\Gs\mOx;3~:\B	\\\{\uD\*=XTT4\t\I\*\\\O\'N^{1\"]\Z?~\Y\d~\>\O\i\"={\\G\8[\Hw\uD\\m\">k\O<\QDniiCDn\\Jv4y\\;Q2tz\D\z\n+JJJFP&CG#HM\'Ch\81u	!\nAc_]|0(\N:SP\\|f\ZD\0\\\;\|6\}vK!	!^\[<\9\0f1B\2	!p\8u!S\n^EQVC\u\\EEEw\B<+ZmDT\\\pd\\oB\0_\\O\x\0\Z\~jJ\\+\&fc\j0)\BVJ\\=*\Y?\BV6\p|4\Wk\\\"\03tM\\\\0\t@\u\.\\VZ!\0kb\0\?,\mg\0\\nR7(R>\x<\0J\\$.Q\y]R;\h\0{0\R\nhOSo(\w\H0\jCt{h\U\;*++\0U~\G\\\\\b~:\\\\\\i\b9+R\^)5\n@@\B5\\o&\\\@Rj\\6H\\\S,kjtd#N_S`\\{ClRJU{_md\!\\SJ	H\\?.3<\'3p:B0:\1LiN\_> /W\?\\\+W|\0\*h\G\'IG\mn)D\eM\4]n\\\\\Y\]\\0s=Iy\8\0\d\H\06HtxJL/3\^k \na41~iiS\@!:\\	,omm-7\'70yAlJ:_\.3ZJY=\n\s\\0\e`)5<\\\Wx:\!m\55510f\l	)^f\^j\YdYtM6bX\D\"\\r<\>!\\nA\n\~\\0C+3dFT\7Tw\\\\\Zf(\'\\\0mH\w7\0p+sO~7o>OQ|-khh\3g\\\8\0\0\r~iyUU\[fFUU\\\\PWWwp#B\0eR\!\7 g\K\\r~~?\N\\\02X_qCJiRT-\g{DRubn?\?\lg~\\\\!Y!\u\^lH&Zy\ZXv>C\a\}Ry\!_+(/sa\B9\\Lq&N8f>^\CB\\\\\\\g\\\D\LD*t\\B]R\Go\c/!\eD\0)w]m8C$\Zo%\;%cU\\\\\2\0X\\\\\\<\\\0\r\,!=E\"~>\\\Bw\'\"B~\%@)|\0n#K)\\	f>C$u:t\/guD4f-;\\\\5f>\\Ya=u{\y^G;B\$ 79\v\wh4z|4\Z\\	D\\Aj[\8\YdkfbB\\\q\0Dt(\Z\}I)\"2| \F-;>\(Y\e\\\\"z_F\n7ADC\rx9~0jaD4\\ v3($ym\\wDx!\U\0WQ9ED4.\rm?\\\0\\Y\\n)\\\j\:\K#9\gY\KC\s\~\N?1eG<\0\/\Z\<\\7M\\`i\\\/\mb,G\\<\\\\0}9\\W[<+Vh\\0\\\<o	v\>\\\#\ry\-J1y6\0R:\yl\XvFNe	\Uf\SC\\f9d{\Y}\<2zZ[u10\\\0h	gox3}\eCqn\m+0n@J\Z ;\8\R.RnJ\z3Of\w\0~5\9:Qhhh\p\9Js=f\3aR8\\{\'{|!Pxu\&H)q\\\DR&\Da0p9k\V0R&t\?h}\\cH\E)up\';k\0`3\\\\\:,X\X\\	\:s=WJ94\s\?iZ\0X\\\\$}&C[s]\c\,WJo\\87\g5\\-\\ :\/E2;\\cXH\lb\\!I\sf\soP{}u\\m/\g>7r\7o\577\0{\grb\u\\8t\I{\\d[O3<D! =\\}NsH\\Eyu\r\r\rE9|O/!\BPg8{):U:f\a\AW\p.1\u\(\*oQJ\1k+re\f\\(Hz\-\ixM\=\\\\9x\\'\!\\bze\&\-\\W2@j:\O]{\#\\9\"w7\y\,`\rgp:?\8Ruj\p{\J^5Z&\@zHKy/^|w\rF2\\\`m\c\0[=^x\1m\t\0\\\\re\ \\/RWB2\(!#^=x^\3?.\.*f~$\0o\\?7L\bH<\O\3}3H*\}x\\.@y\\?2<V+\;~f\dTJ\r\1\\\09:\k%\&\7\Ho\\\\Z#=\\Q\3\wVz\)20Hto\!\\rJ\\r\yRdv\\bu!\r\\gIo\\0\b\!B\\\0\hY_\"hH\/}\kd^~#=\+Vw\"(e8\e5>\\Z d oJ\~w\W>m+\\\@i(3C)\\\XQWJc\Pa 566`3/\rS\u=\|\6\\\UY*\bmwJc7$dbXW$SK\0*\\"4WnGJh\0H)wyf\0\u\EJyF\HC~/\5\\\P\H\5i>LDH_(ETt\mw	_>\d\\t\\0\y\h7\\\\\J\;y~7WXLE>=\9\TAH\;@5Y\n\\< \|B%\-$a\rgzou!\\"\qRj2if>$kR\\^gMjp(\0W`|3\\\~pu5<\{| \eU\?\0nPJ\\\\0uuu\g\'$\"f	O\0l\\n:\\SJ$\0MOn\=\\P\'I7*\S\Z^\)ko\,\M\0n<\d\<\@?X~\PY7~|\\\\@A\\\\ UG/L*\CgY\G\=u6TiRo\;7W<\0\z/k /]\o *\0=c\'\M{\\naM)AC3yR1@\{7Vf>)s:E\\\g\\0\}?\n> |]\l\Z\n\<\PV^\\c\Zk\R*\L;@5\\"\\0<\#O\\r:coId\n3\\\\\y^\\#\;\0>R1\T\&f\\NJYo\S\\\\Rt\v\X\t\|Ou0|c\rUfUJ]s\9\p%\h	\OF>\\h{rgr\npk\y\|m$)\B*U)~\	`x\,VVV>?\>\OC*\+K39t\Lu Ca>\0]\\$\tr;\nX[d|0\<\?6\Y34\r\\\ZgP\\q7@;pN5403/0)R\\\\&\y\\\]d\QY\!\&d\|\{\:\uz\f\?\'	\'\.tx\m_\\\m=\nQ\X,\\\yQ\S\T\zj\\Ob\\~Pc2\\Z:.jlP3-a\\-[\"yv_\0\r\\_x<\}]\\C\nOjo\'X\nWW^y\E\0{i/oE]\~xhG\L\0\\0id\]\\/DX\H<w\b\[]\\r~X\IW\0A\\w\r_/,	qnN2d\\\\r\	~/\\k\\:)ee/\,O6S?\\7\uH>H7%\c\>\7@}\qMMM\/d]\Z!\{m+RC95\#\rz\\Z3\`Lh>\-I;\1!xf\ZK\u\n9T13\Hu\\\bAMC\X\x&\\\0:2\fb\\\\\\!#\0\vS5\0\08J5\0P[[\?M)\\0}\\'e\0\Z\\\\0\\\>)\Qc4@z L\'\03\*\\\r\@|;s\|H$M\P?Y\\\\|Y8S%\4~/\0k\4{\3\pm\p]en6l\6\dm\\]]\\"TK\c,3BsQ\\\b\\W=\9UaRj|\\ X~qz\4C\R\\Zm\t+ZJ\:S^\0|\\j\n\rMp\DDK.}!f}\\v[w\Yu\\m\n\;Y\\"m\[J2=\j\\c:J^G\r\2\1sq\j2!\\_\jsss4n3\ZI)K3\Ztt\7>B7Re>\\\0a6<l\^0{#Q\\C2\]a%\0*\xfFKKKqo\~O\yC^)Gm\iT),[#\'3s|X\u\u\n\"M3\P3\n`ARJ\qC\Z0Zzjp\9\\{e\<8_\%)\[-~0\~^[\@KK\\\9\\\9x\& 455\RTf\&<#3=\O<\T>{ 3Zx;`B\"x<\}\e\\L\'R\ri\a\\9\}3\\7\?vJC\'ka\e\|ktY=B9\I\e\\\\n?)\-:1R\<=\\[(:ud*tiI\P`\PAx4=\3dAhp]+\2ulb\>!K`@\N\N`Y\0\\3/6\C<*W\s|2?\\?\\Z`(8H)q0gJ)lGy\\\"Xr\\)OR\n\\~G\If>H\'\\HsB2\\'9\\Z KZ[[B\L1\0{.xf\d\rOW0s!8\\\r\Z\H\{\0.\\f	!/O\\^R\\xTd\0^>Rjzy|E\B\\s=YO}G(\MH?\\0\0IDAT]\\\\\of@)5<K\Mi`\\" \r\\\\I3O)XbWl\o\\nB\'|\%Kr\0lR	0\v\k\\\R~\0\0\r\r\rs\\)#9=%MedG\\\\xp/<{>\`\\,|\\\(\SJ<KNRjXYH$za\'\0[L\J0F\\\\\0k\!\\J\~L\3t|5g\At\Zy\\y?=3bYrJ>a\*,g\[s\iVsntc\\\QJE.\n2m\\\y^a[\> =\<LJ\\q]irtb\ZQf~<\4fx\\9p#\0:P\Z\n=W\S\\0Xz/\\s\=w\ViM>Y+\0N$#g\\D2\R\/:\s-\_\0o?4.9\|h\\n=\\\Y\T}\o\.3tB\|\f\\\~\61:\aH4\n`\r\0\*bfH)\kJ)\\vo4\!\^HVnoaQXtb0!=R\Z\n\J#uXX*lh3O\ry0\\\ 8sA\\Zn\Uc\!_\qz\D)5[)\\`\rM\\nu!9\\\"N\f~\BV)\\\0\hD\93Fi~?c\h%#u\0s\Nb\0\L\y2:?RJu\\u\?+\c}\IH\a\tn>\p\H	[7I\0(0!\\Z|% 7;`\0<$\~\\0^,c\Zc\R\Y\{\]_]MMMD.\`\\\&\%\y\>K\\OR\d\r\\3B\n\\0~\Zw\yG0\0\\i\f\'\CA\n3\	G~d%q#wa\*fFX\\U0I3]UUa\L\\\\R\\bz]\0tRa\c!/\\`\S53fxp3:uji\"a\'R{f\\\ri!s3]|\G666\A\~:t9fQh\r\2@y\_w0s\r3m\R\0\\oi&5)\g\\NgzcFQy\Z\<2z\3\Kf>\\\\Z3=\h4\\\D\KMkH$\\L!}sc\#\g\\0s<\\f\k\Zfj6}\|\?a5\\-#mtPCi||,\;C\[!\4_:tR3\|B\\8+<\Oq/\`|3\\0*\2|3\:e\@x\{7\z;[ZZ\a/\0R\\6\\_|3c#\;\\TJa\S\9\L\P\ -`\\ VR\0A\0p\rW&p7\uyA_\'\\x&\_fS\E|\\\5og\us|%\7~lxK\\{\.\_\0f#X\mHTW\oFQ\\G\\h?J\:[oMj1\\r\00\\FC){\x7f$w4\Z\v\J\`A\\\|d;u\uSd}\QJ\rQJE\r\\~2}\\\M|\T?I[\o&]~\}R\r1c\\'\BH\I)`\v Gg	TRv-g\wc\St&\+/{\\\M\F\0`\2	\|>WJE|\\\<3Ie\\!L\r\0R0X+?A\\J|>\tX\\u]4!{y93_z\u\Rf3,:Fc\KR;\\~\\7Zai0\\~\\0f>UqCRf\]y83b\	\|n<~\'Y\\Z\Kv\\\JaB\0\"\DTED\\0<\+V9r$\n<\\BDQ&o\,\"%}\"\!F\iB>D4k \\Q5k~I\"\0\80EB_Q\"*\s\\ZM\zD\0\8\U>;\q\\\0\"*\#/hR\\h4Z]9\Yqv\\H\\'|& \"*!\\"\ZADK\0\/xM)\A\\n\ht\\\o\Gq\D\\'\rI\t!\\"\'] 0\8\e\rD\Q\BdEs\^\"7o\Qx\\A2s/\r\0\qM+E?%6\X33DeCDW\uD\e\rmjy|$P\hR!\EDIilb}3x3?Fe5;\"\)v\\"\ \V}<?k]O>	\kO\\\8N{4H]\"\m\Z\"\0\'\q\\8!\\E\,h\\n\DTMD-msf\\8Dt(t\(.F9?B<@D,kdR\\h4\Z\\ZnA61D\\'\\_\0Ns\Ck\p]WDpF\0!\NDl$5B\,B`\e\l`fD\A&,D\"c$`\\\\89>\\\vc\{	\0e\ABiP\@\8}*Q!\\DB\<QL@b)3\\'BR\Bt\'5]\\$\*\B|5B\'Z;s\m!hO\0s\9hz\C\<\\wD\"y\\eGq\8\"\wQL\.M$%Dtb$TO\q&\n!&8T1\zB0\Jm\OD\0XD\6+\<\\|7HN>G\"pD\"kg\\0BV\[\\>D\"M>\\Px|Q]bV}\WX\8N\'T/\)\R	I!\\0+K\0,b\)\\i\)\\&\0u&\\x\":P}MB\\Z\0\3\u\\CJ\5\LcjBa\\\"g3WD\"I;8l\o/\\"\&\-V\.@\---\=z@g=HDR\nt\'ag4\\\"u@r,k---\\5 ,rT\M{hR\31?\\\I\":F\\xh4\\y\[[[\\Rj\q*\\JrIIII._|EYGFQ\7B!\rJDnB<Y[[\\q\\\\^B0=KD!%oQ\H\q\Z4\2\"dDqq1[\uuug]Sz3{\h\\^\ommw\SF\"\'XXXXXX*\Rz\4#e43t\tD\\1\E\\;C\\o</U\\0,,,,,,,,,,,S\0~P\c:+Ui\g\ngn6r\{\7\0pUz\\\a6\x\UTT\\jnaaaaaaaaac!%\0mhhX\y[\\\Q\0\\\\K)\.\Z\Z\Z\8@\V\\{\GcMM\R\0=\C\"\03\P\\'TZ\a\u\\\n\J\x\0jjjj>knn\o\\\0,[l\\EE\A6m\F!9s\\0qE\0H_?Yar\\0\0\0\0IENDB`',0,1,'0','','','','','','713','2239000','','','',0,48),(49,'abdallah@worldwideautosllc.com','WORLDWIDE AUTOS LLC','WORLDWIDE',' AUTOS LLC','abdallah@worldwideautosllc.com','b983716f4cf156df17f019e14c228491','2019-08-21 18:45:19','2019-09-09 18:10:37',NULL,1,1,'1','790 WESTLAND DR','','LEXINGTON, KY',NULL,'40504',NULL,'8596672379','','','',0,48),(51,'MTWALY64@HOTMAIL.COM','LEEN AUTO SALE','LEEN AUTO ','LEEN AUTO ','MTWALY64@HOTMAIL.COM','a47d4bdbcb65c99cbffc3ba1dfb9c5b3','2019-08-21 20:42:55','2019-08-21 20:42:55',NULL,5,1,'1','3925 GALVESTON RD ','','HOUSTON ',NULL,'77017',NULL,'8322795300','','','',0,48),(52,'abesauto640@gmail.com','ABE\'S AUTO LLC','abrahim ','bakoush ','abesauto640@gmail.com','ff1ecee5bffafdd236eec3c13bc632e3','2019-08-21 20:47:39','2019-09-28 15:17:54',NULL,1,1,'US','271 Gold Rush RD #9','','Lexington ,KY',NULL,'40503',NULL,'859-260-1145','','','',0,48),(53,'ahmedsonic1993@gmail.com','Smart Opal','Ahmed','Dakrory','ahmedsonic1993@gmail.com','27cba063737584db2847f3090979bd46','2019-08-22 00:00:00','2019-08-22 00:00:00',NULL,0,1,NULL,NULL,NULL,NULL,NULL,NULL,NULL,NULL,NULL,NULL,NULL,0,53),(54,'carmartransport@gmail.com','carmartransport','carmar','transport ','carmartransport@gmail.com','8630feaa471854bf2322a067886878ab','2019-08-22 16:30:44','2019-09-11 19:17:26',NULL,1,1,'1','7999 hansin rd ','','houston ,tx',NULL,'77061',NULL,'3463721516','','','',0,48),(55,'asmglobal6013@gmail.com','ASM Global Logistics','ASM','GLOBAL LOGISTICS ','asmglobal6013@gmail.com','2d30067c9a56af30ac3ca8506182ffeb','2019-08-22 21:40:43','2019-08-23 23:08:00',NULL,5,1,'1','6013 Spencer Hwy','','HOUSTON,TX ',NULL,'77505',NULL,'832-850-6475','','','',0,48),(56,'jaygbrial32@gmail.com','giza','Ahmed','Dakrory','jaygbrial32@gmail.com','168ce324c96b38b7ad6d7e2053bb393f','2019-08-23 20:53:47','2019-10-08 09:43:07',NULL,4,1,'AX','1 omda st from fasel talbya','1','giza','AK','12111',NULL,'01061690939','01061690939','01061690939','',0,48),(57,'ajeebzayed@hotmail.co.uk','AJEEB OVERSEAS LLC','AJEEB ','OVERSEAS LLC','ajeebzayed@hotmail.co.uk','440701be6cd987def795247f658e683f','2019-08-24 15:44:41','2019-08-24 15:44:41',NULL,1,1,'1','340 SHADOW RIDGE','','COLORADO SPRINGS, CO',NULL,'80918',NULL,'1-719-321-0826','','','',0,48),(58,'osama_kia@yahoo.com','ALENTELAQA ALTHABITA COMPANY','osama ','almighrihi ','osama_kia@yahoo.com','f756c68b552929bf8a868d682c655d0d','2019-08-24 16:12:38','2019-09-16 14:55:21',NULL,1,1,'US','5114 EBROADWAY','','TAMPA, FL ',NULL,'33617',NULL,'218913262644','','218925335249','',0,48),(59,'honor200172018@gmail.com','KOSSI ELBASOUNI','KOSS','ELBASOUNI','abesauto640@gmail.com','7dcc74cfc4706f3f16a44f0633d34dc6','2019-08-26 20:04:29','2019-09-23 20:53:27',NULL,2,0,'0','','','',NULL,'',NULL,'','','','',0,48),(60,'sealandfreightllc@gmail.com','cargo marine','ziad ','haj','sealandfreightllc@gmail.com','9a73e36b04a234c3fcd3b02b0429c17f','2019-08-27 21:16:51','2019-08-27 21:18:34',NULL,2,1,'1','','','',NULL,'77061',NULL,'','','','',0,48),(61,'betarbetar452@gmail.com','MOHAMED OBADI','MOHAMED ','OBADI','abesauto640@gmail.com','547b08c3e32d5322a228131c78f667c2','2019-08-28 15:50:19','2019-09-23 20:50:33',NULL,2,0,'0','','','',NULL,'',NULL,'','','','',0,48),(62,'INFO@LIBLINE.COM.LY ','LIBYANMARINE LINES CORP','LIBYANMARINE ','LINES CORP','INFO@LIBLINE.COM.LY ','b8e1772f20643dad8dc5e5da3d5e947d','2019-08-30 21:46:35','2019-08-30 21:46:35',NULL,4,0,'438','AL-MINA STREET ','NEAR AL-KHOMS PORT ','KHOMS LIBYA ',NULL,'',NULL,'218926131714','','','',0,48),(63,'tsallabi@yahoo.ca','SALABI CAR DEALER ','SALLABI ','CAR DEALER ','tsallabi@yahoo.ca','612d608c24d0b6e8946d9b73aa75a446','2019-09-03 16:07:08','2019-09-03 16:07:08',NULL,1,0,'0','3925 GALVESTON RD ','','HOUSTON TX ',NULL,'',NULL,'','','','',0,48),(64,'ABAN012003@YAHOO.COM','WHITE SEA EXPORT ','WHIT SEA ','EXPORT ','ABAN012003@YAHOO.COM','d60907ddcc33c4e166a6586eaccb5aea','2019-09-04 16:26:37','2019-10-02 16:27:29',NULL,1,1,'0','26907 CANYON WALK IN ','','SYPRESS ',NULL,'77433',NULL,'7137035525','','','',0,48),(65,'alkhateeb79@gmail.com','RAID ALKHATEEB','RAID ','ALKHATEEB ','alkhateeb79@gmail.com','c99303489014c5674899816aee8dc103','2019-09-04 17:36:42','2019-09-04 17:36:42',NULL,1,0,'1','3925 GALVESTON RD ','','HOUSTON ,TX',NULL,'77017',NULL,'(713) 366-6663','','','',0,48),(66,'raedkanaan71@yahoo.com','RAID KANAAN','RAID ','KANAAN ','raedkanaan71@yahoo.com','e88e9aff5e75ab0e1792bfeeedbaaee5','2019-09-08 19:01:57','2019-09-10 21:11:15',NULL,1,1,'CA','','','',NULL,'',NULL,'9054625570','','','',0,48),(67,'CARGO MARINE','CARGO MARINE','ZIAD ','HAJAHMED ','cargomarine@yahoo.com','b3e2c582069c73d762cc6dbb12531b5d','2019-09-14 18:52:25','2019-09-14 18:52:25',NULL,1,1,'US','7999 HANSEN RD ','','HOUSTON,TX ',NULL,'77065',NULL,'713-223-9000','','','',0,48),(68,'attwairi@gmail.com','abna altuwayri auto sales ','mohammed ','altuwayri','attwairi@gmail.com','51c29b58a573b8c52aee1ec4fa30e173','2019-09-16 14:46:57','2019-09-16 14:58:47',NULL,1,1,'US','3925 Galiveston rd ','','houston,tx ',NULL,'77017',NULL,'218927943144','','','',0,48),(69,'imt@imtautomachinery.com','International Machinery Trading, LLC','Abdelmoneam','Raef','imt@imtautomachinery.com','29d170f59912ee9e9bd88517d6e7a07b','2019-09-16 16:13:12','2019-10-02 15:31:04',NULL,1,1,'US','2029 Vanesta Place, Suite 2','','Manhattan','KS','66053',NULL,'785-473-7223','7853412350','3176546512','',0,48),(70,'Abdalla','A.Shakhi','A.Shakhi','SHAKHI','abesauto640@gmail.com','0c0a6ecdb387bb216e5ccc69cbaaa276','2019-09-23 20:42:06','2019-09-23 20:54:57',NULL,2,0,'LY','','','',NULL,'',NULL,'','','','',0,48),(71,'M.FARSI','M.FARSI','MOHAMED','FARSI','abesauto640@gmail.com','c97af6a8cbb032664005a96acd6ffe8c','2019-09-23 20:53:10','2019-09-23 20:53:10',NULL,2,0,'LY','','','',NULL,'',NULL,'','','','',0,48),(72,'Dogal ','Dogal Shipping Agencies CO','IBRAHIM','BAQOSH ','info@libyanit.com','1fc301206c0a042c40a2ca54cafd7b42','2019-10-01 16:25:34','2019-10-01 16:54:56',NULL,4,1,'LY','Jamal Abdel Nasser St','','Benghazi ','0','',NULL,'218619096148','','218918785869','',0,48),(73,'dakrory','Dakrory','Ahmed','Dakrory','ahmedsonic1993@gmail.com','28d478b3367da772172bda59c3dea7af','2019-10-03 14:24:14','2019-10-03 14:24:14',NULL,1,1,'EG','1 omda st from fasel talbya','1 omda st from fasel talbya','giza',NULL,'12111',NULL,'01061690939','','','',0,53),(74,'ahmedDakrory','Dakrory','Ahmed','Dakrory','ahmedsonic1993@gmail.com','395c10fb59cd813b07c29eba977dc824','2019-10-07 09:16:55','2019-10-07 09:16:55',NULL,1,1,'EG','1 omda st from fasel talbya','1 omda st from fasel talbya','giza',NULL,'12111',NULL,'01061690939','','','',0,48);
/*!40000 ALTER TABLE `user` ENABLE KEYS */;
UNLOCK TABLES;

--
-- Table structure for table `vendor`
--

DROP TABLE IF EXISTS `vendor`;
/*!40101 SET @saved_cs_client     = @@character_set_client */;
 SET character_set_client = utf8mb4 ;
CREATE TABLE `vendor` (
  `id` int(11) NOT NULL AUTO_INCREMENT,
  `userId` int(11) DEFAULT NULL,
  `idType` int(11) DEFAULT NULL,
  `other` mediumtext,
  `notes` mediumtext,
  `allowAccess` int(11) NOT NULL DEFAULT '0',
  `parentId` int(11) DEFAULT NULL,
  `salesRep` mediumtext,
  `idNumber` varchar(255) DEFAULT NULL,
  `deleted` int(1) DEFAULT '0',
  PRIMARY KEY (`id`),
  KEY `idUser_idx` (`parentId`),
  KEY `userIdx_idx` (`userId`),
  CONSTRAINT `datashipping` FOREIGN KEY (`parentId`) REFERENCES `shipper` (`id`) ON DELETE NO ACTION ON UPDATE NO ACTION,
  CONSTRAINT `userIdx` FOREIGN KEY (`userId`) REFERENCES `user` (`id`) ON DELETE NO ACTION ON UPDATE NO ACTION
) ENGINE=InnoDB AUTO_INCREMENT=19 DEFAULT CHARSET=latin1;
/*!40101 SET character_set_client = @saved_cs_client */;

--
-- Dumping data for table `vendor`
--

LOCK TABLES `vendor` WRITE;
/*!40000 ALTER TABLE `vendor` DISABLE KEYS */;
INSERT INTO `vendor` VALUES (14,59,1,'','',0,27,'','',0),(15,60,1,'','welcome to cargo marine ',0,28,'','',0),(16,61,1,'','',0,27,'','',0),(17,70,1,'','',0,27,'','',0),(18,71,1,'','',0,27,'','',0);
/*!40000 ALTER TABLE `vendor` ENABLE KEYS */;
UNLOCK TABLES;
/*!40103 SET TIME_ZONE=@OLD_TIME_ZONE */;

/*!40101 SET SQL_MODE=@OLD_SQL_MODE */;
/*!40014 SET FOREIGN_KEY_CHECKS=@OLD_FOREIGN_KEY_CHECKS */;
/*!40014 SET UNIQUE_CHECKS=@OLD_UNIQUE_CHECKS */;
/*!40101 SET CHARACTER_SET_CLIENT=@OLD_CHARACTER_SET_CLIENT */;
/*!40101 SET CHARACTER_SET_RESULTS=@OLD_CHARACTER_SET_RESULTS */;
/*!40101 SET COLLATION_CONNECTION=@OLD_COLLATION_CONNECTION */;
/*!40111 SET SQL_NOTES=@OLD_SQL_NOTES */;

-- Dump completed on 2019-10-15 11:41:35
